SYMBOL,LABEL
GMXUSDT,0.4828696966056372
GMXUSDT,0.42529834194036836
GMXUSDT,0.4032781061811878
GMXUSDT,0.34274914388790845
GMXUSDT,0.41967247819355613
GMXUSDT,0.3324568594056628
GMXUSDT,0.3601418777770583
GMXUSDT,0.30759729695120314
GMXUSDT,0.294772920993252
GMXUSDT,0.2770338921318463
GMXUSDT,0.24265826887995834
GMXUSDT,0.24483656040076707
GMXUSDT,0.2461329893861303
GMXUSDT,0.21518366376412043
GMXUSDT,0.20639808617257738
GMXUSDT,0.23278134904084274
GMXUSDT,0.21774759443830288
GMXUSDT,0.23991718546388485
GMXUSDT,0.2592474158107374
GMXUSDT,0.25234292136224884
GMXUSDT,0.24667160480701872
GMXUSDT,0.246446608805311
GMXUSDT,0.28670307966895303
GMXUSDT,0.3047661682833937
GMXUSDT,0.2836021409125013
GMXUSDT,0.2831120773288852
GMXUSDT,0.2597097842348743
GMXUSDT,0.2819737670594577
GMXUSDT,0.2509409646972328
GMXUSDT,0.21365837959395442
GMXUSDT,0.196888745466425
GMXUSDT,0.2717380138452768
GMXUSDT,0.25462509191878063
GMXUSDT,0.2945599467805035
GMXUSDT,0.2846050448244215
GMXUSDT,0.27134652742330634
GMXUSDT,0.2704570370198618
GMXUSDT,0.25154285830174283
GMXUSDT,0.2544969261508776
GMXUSDT,0.2692396419100975
GMXUSDT,0.2468332604768387
GMXUSDT,0.22952496377378084
GMXUSDT,0.23700978506379408
GMXUSDT,0.24908206372671482
GMXUSDT,0.2323405622929782
GMXUSDT,0.15957430627332148
GMXUSDT,0.1723123132167744
GMXUSDT,0.1864295370633272
GMXUSDT,0.21004588756053294
GMXUSDT,0.20620738242747935
GMXUSDT,0.18378759095383193
GMXUSDT,0.16975041059724508
GMXUSDT,0.16597578531388912
GMXUSDT,0.1778421501389513
GMXUSDT,0.19615520013074014
GMXUSDT,0.22008888122645626
GMXUSDT,0.22265587707267628
GMXUSDT,0.25805918902530733
GMXUSDT,0.25290832234002025
GMXUSDT,0.300651462420286
GMXUSDT,0.4023311242636079
GMXUSDT,0.39165463913729
GMXUSDT,0.34759747798921464
GMXUSDT,0.2913012364953822
GMXUSDT,0.32594132136150916
GMXUSDT,0.32199591936096394
GMXUSDT,0.33972842225661226
GMXUSDT,0.32434891309311686
GMXUSDT,0.3817022763035139
GMXUSDT,0.375517208303853
GMXUSDT,0.3620954312509769
GMXUSDT,0.33156693486540584
GMXUSDT,0.3106824438675165
GMXUSDT,0.3333136755156702
GMXUSDT,0.36824748521110234
GMXUSDT,0.3975684967924025
GMXUSDT,0.2284338961481587
GMXUSDT,0.24377427361489679
GMXUSDT,0.25639049600904174
GMXUSDT,0.23274653597522876
GMXUSDT,0.20289969451453108
GMXUSDT,0.19379687156705566
GMXUSDT,0.21458462314055604
GMXUSDT,0.23534255890385766
GMXUSDT,0.23122563638359386
GMXUSDT,0.2585358534118189
GMXUSDT,0.2206779847508539
GMXUSDT,0.26843283866346646
GMXUSDT,0.3798295652118957
GMXUSDT,0.4543575231239976
GMXUSDT,0.4624430202810608
GMXUSDT,0.3974918765615283
GMXUSDT,0.39301131920716015
GMXUSDT,0.4021933113400699
GMXUSDT,0.3910308344825281
GMXUSDT,0.37311762096436873
GMXUSDT,0.3466883380506985
GMXUSDT,0.3610169201269548
GMXUSDT,0.371678080319092
GMXUSDT,0.3874376847761726
GMXUSDT,0.37319482570808005
GMXUSDT,0.10664448478731758
GMXUSDT,0.18904962693874647
GMXUSDT,0.34422305486766597
GMXUSDT,0.3320544951692086
GMXUSDT,0.2715806853985877
GMXUSDT,0.20535130253946915
GMXUSDT,0.21855173626669325
GMXUSDT,0.16718121373396141
GMXUSDT,0.1488957059843714
GMXUSDT,0.09406283429442598
GMXUSDT,0.12510843926644596
GMXUSDT,0.07096631614822276
GMXUSDT,0.07098866267693267
GMXUSDT,0.09619949083491754
GMXUSDT,0.08697460745782153
GMXUSDT,0.1052043153827173
GMXUSDT,0.12209405433406094
GMXUSDT,0.17024506599652894
GMXUSDT,0.20480582277986456
GMXUSDT,0.16332875707735453
GMXUSDT,0.1202161708105899
GMXUSDT,0.17716297064800074
GMXUSDT,0.15324669951081077
GMXUSDT,0.25807645637503746
GMXUSDT,0.2672053201144619
GMXUSDT,0.3253738896029711
GMXUSDT,0.3718998151195163
GMXUSDT,0.3205146602380001
GMXUSDT,0.39848807078405046
GMXUSDT,0.6840069599221176
GMXUSDT,0.6310741513929699
GMXUSDT,0.7387621984893581
GMXUSDT,0.6353841482666717
GMXUSDT,0.6431683849538744
GMXUSDT,0.6299304359592292
GMXUSDT,0.6036455856210238
GMXUSDT,0.5924401430735049
GMXUSDT,0.58781126618315
GMXUSDT,0.6139455712096844
GMXUSDT,0.6530558562678427
GMXUSDT,0.604550765575452
GMXUSDT,0.6255479340474493
GMXUSDT,0.7104025115431241
GMXUSDT,0.7270083668336282
GMXUSDT,0.67910978397916
GMXUSDT,0.3960592433121384
GMXUSDT,0.4363241626485269
GMXUSDT,0.40955764276569645
GMXUSDT,0.3417276260858604
GMXUSDT,0.43298978742346395
GMXUSDT,0.42563286212242146
GMXUSDT,0.3785177315636091
GMXUSDT,0.32930284324731635
GMXUSDT,0.3187134042479483
GMXUSDT,0.2427675701379821
GMXUSDT,0.2302200134139997
GMXUSDT,0.27228379851729795
GMXUSDT,0.33348172151141764
GMXUSDT,0.4454031922573782
GMXUSDT,0.4850378031438831
GMXUSDT,0.5186302809206302
GMXUSDT,0.41657706758515384
GMXUSDT,0.37231280175220605
GMXUSDT,0.3899851802490446
GMXUSDT,0.3732638295732585
GMXUSDT,0.39204865760434965
GMXUSDT,0.45843206736321224
GMXUSDT,0.482267837297385
GMXUSDT,0.4547466289881072
GMXUSDT,0.4729050064585112
GMXUSDT,0.6540943882743089
GMXUSDT,0.6231580724132648
GMXUSDT,0.7232778297145197
GMXUSDT,0.6452354642043997
GMXUSDT,0.6613554348909044
GMXUSDT,0.6269969370383882
GMXUSDT,0.679037116423771
GMXUSDT,0.6654964457554062
GMXUSDT,0.6576634852567542
GMXUSDT,0.5608030381073819
GMXUSDT,0.4479690919608577
GMXUSDT,0.48408241197674584
GMXUSDT,0.4206376621270043
GMXUSDT,0.34764920233342433
GMXUSDT,0.48678206467297414
GMXUSDT,0.5907511444048483
GMXUSDT,0.5366980761618457
GMXUSDT,0.5076522387576307
GMXUSDT,0.46392711147871385
GMXUSDT,0.508406937624289
GMXUSDT,0.45368320117284844
GMXUSDT,0.4122583936254679
GMXUSDT,0.24431738390376576
GMXUSDT,0.3122663726053812
GMXUSDT,0.3310225549700342
GMXUSDT,0.4176719556202779
GMXUSDT,0.44052115983197704
GMXUSDT,0.5175703362714271
GMXUSDT,0.526354596620482
GMXUSDT,0.5453922503848517
GMXUSDT,0.6226140036660683
GMXUSDT,0.7110749735538037
GMXUSDT,0.6727757806913951
GMXUSDT,0.7432884749711642
GMXUSDT,0.7831094586826872
GMXUSDT,0.7034953127516748
GMXUSDT,0.6030871870514414
GMXUSDT,0.5929449704963516
GMXUSDT,0.48206152248724193
GMXUSDT,0.37766966158199033
GMXUSDT,0.5047362205617265
GMXUSDT,0.46333605906823494
GMXUSDT,0.556991512345914
GMXUSDT,0.5185065808995221
GMXUSDT,0.4430478810882761
GMXUSDT,0.3863452471850563
GMXUSDT,0.4888823870767562
GMXUSDT,0.47504405239476355
GMXUSDT,0.46232101351330934
GMXUSDT,0.5377123430372897
GMXUSDT,0.44454546358380315
GMXUSDT,0.18115264750248664
GMXUSDT,0.014195935657488681
GMXUSDT,0.1394347642953432
GMXUSDT,0.22100210936893955
GMXUSDT,0.16366201068799838
GMXUSDT,0.1805185591936823
GMXUSDT,0.5135418152863355
GMXUSDT,0.4676655664625601
GMXUSDT,0.44613014852635674
GMXUSDT,0.4633066174070517
GMXUSDT,0.4043375057071449
GMXUSDT,0.4914947720916893
GMXUSDT,0.5780853661507377
GMXUSDT,0.39561442309543
GMXUSDT,0.32229415052158894
GMXUSDT,0.38252972885385383
GMXUSDT,0.376124384545948
GMXUSDT,0.43841696364236904
GMXUSDT,0.4058189060523759
GMXUSDT,0.44057805741594896
GMXUSDT,0.46498910453498726
GMXUSDT,0.5309411376061012
GMXUSDT,0.563904107540809
GMXUSDT,0.5375128118845406
GMXUSDT,0.43861942817093863
GMXUSDT,0.4155043994686863
GMXUSDT,0.49148606949942814
GMXUSDT,0.5103546947655042
GMXUSDT,0.45027940731965427
GMXUSDT,0.4624223211318816
GMXUSDT,0.43961022719633003
GMXUSDT,0.3547831274763414
GMXUSDT,0.2645217506514813
GMXUSDT,0.3688382692922228
GMXUSDT,0.3623522037592594
GMXUSDT,0.3479650336759735
GMXUSDT,0.37054973207035086
GMXUSDT,0.34591233617470574
GMXUSDT,0.20105757074120487
GMXUSDT,0.14125560658385866
GMXUSDT,0.22959095440239258
GMXUSDT,0.14170212073179256
GMXUSDT,0.04384937464067018
GMXUSDT,0.002691810684257716
GMXUSDT,0.05403969883702132
GMXUSDT,0.19730442840966547
GMXUSDT,0.20797886132343252
GMXUSDT,0.28669996565574185
GMXUSDT,0.27026688355369133
GMXUSDT,0.40521405123120885
GMXUSDT,0.4129874741614862
GMXUSDT,0.4065639351819889
GMXUSDT,0.3265153886751184
GMXUSDT,0.11845860585490021
GMXUSDT,0.15126566887089968
GMXUSDT,0.2110563397629747
GMXUSDT,0.1515669681100945
GMXUSDT,0.06263327808410984
GMXUSDT,0.09125761738070359
GMXUSDT,0.11207821099042047
GMXUSDT,0.08186288150431971
GMXUSDT,0.1081607979157949
GMXUSDT,0.15693943885933193
GMXUSDT,0.0825557246173826
GMXUSDT,0.156942956686141
GMXUSDT,0.16496081372917792
GMXUSDT,0.22695093986183698
GMXUSDT,0.2830726823325111
GMXUSDT,0.29476913887769435
GMXUSDT,0.36780208020878563
GMXUSDT,0.4227502027216077
GMXUSDT,0.2686369188842959
GMXUSDT,0.22833094866519993
GMXUSDT,0.27618008822172346
GMXUSDT,0.30650340173817986
GMXUSDT,0.2669391938669507
GMXUSDT,0.20209290181019132
GMXUSDT,0.23473485697184776
GMXUSDT,0.17709247634856234
GMXUSDT,0.22988792349811568
GMXUSDT,0.18966559096139912
GMXUSDT,0.3099342784248407
GMXUSDT,0.3535670357222292
GMXUSDT,0.39837355706832805
GMXUSDT,0.32372131070001925
GMXUSDT,0.39710224945925954
GMXUSDT,0.3566555278150197
GMXUSDT,0.3536438675091573
GMXUSDT,0.4639203784791134
GMXUSDT,0.43902735929254366
GMXUSDT,0.43961373450701025
GMXUSDT,0.43062662548815134
GMXUSDT,0.5214250333044829
GMXUSDT,0.48792067165529573
GMXUSDT,0.4818063766914996
GMXUSDT,0.4058901994021826
GMXUSDT,0.44621221495998226
GMXUSDT,0.4212234514594281
GMXUSDT,0.4327153134547558
GMXUSDT,0.43227699554744986
GMXUSDT,0.4478250478405914
GMXUSDT,0.38876381729343545
GMXUSDT,0.42595652028475806
GMXUSDT,0.30835087859401106
GMXUSDT,0.3370163829544689
GMXUSDT,0.34675470235085065
GMXUSDT,0.3035684974610072
GMXUSDT,0.4165516782228964
GMXUSDT,0.4314296719571247
GMXUSDT,0.3862452946293204
GMXUSDT,0.4264511261201127
GMXUSDT,0.4650870601101546
GMXUSDT,0.40485697818935634
GMXUSDT,0.34681376930662045
GMXUSDT,0.3900841566222434
GMXUSDT,0.3677587356822143
GMXUSDT,0.35522286242884654
GMXUSDT,0.4094058193726285
GMXUSDT,0.3240382608040136
GMXUSDT,0.3216557336064543
GMXUSDT,0.4299974962214195
GMXUSDT,0.4322259892106139
GMXUSDT,0.47416130125866784
GMXUSDT,0.4624866311178774
GMXUSDT,0.4937574366608151
GMXUSDT,0.44618824481349123
GMXUSDT,0.45016786801157765
GMXUSDT,0.45470059150464165
GMXUSDT,0.5182571968243289
GMXUSDT,0.5592874881899872
GMXUSDT,0.5103415509371437
GMXUSDT,0.5380477241754432
GMXUSDT,0.628088938504676
GMXUSDT,0.6005193581478564
GMXUSDT,0.5764094370994706
GMXUSDT,0.5563831821294923
GMXUSDT,0.5291533277650406
GMXUSDT,0.5294494847679012
GMXUSDT,0.6180718447701623
GMXUSDT,0.6669928649695704
GMXUSDT,0.7089123007549559
GMXUSDT,0.7136539998836671
GMXUSDT,0.6882900894520643
GMXUSDT,0.5811221418852586
GMXUSDT,0.632262420838502
GMXUSDT,0.6287400418671063
GMXUSDT,0.6191755916812484
GMXUSDT,0.5969219978307613
GMXUSDT,0.5246785962855163
GMXUSDT,0.45137919584588415
GMXUSDT,0.4771000221272046
GMXUSDT,0.5187938078906905
GMXUSDT,0.45048442696188556
GMXUSDT,0.4131609408947552
GMXUSDT,0.27441284935958876
GMXUSDT,0.154733121698463
GMXUSDT,0.0
GMXUSDT,0.022783800335777746
GMXUSDT,0.04814662235769561
GMXUSDT,0.15067572973407595
GMXUSDT,0.11613222522124836
GMXUSDT,0.10437181800998178
GMXUSDT,0.2317919357738149
GMXUSDT,0.25052627725572896
GMXUSDT,0.1927830234288717
GMXUSDT,0.16596621756035432
GMXUSDT,0.15409037859893612
GMXUSDT,0.20675014334281802
GMXUSDT,0.16728291230892378
GMXUSDT,0.17857009058967704
GMXUSDT,0.14507870355176816
GMXUSDT,0.2078550997712042
GMXUSDT,0.35760340184181477
GMXUSDT,0.32686781975636303
GMXUSDT,0.3819175876508434
GMXUSDT,0.32088602124789134
GMXUSDT,0.34849387427175965
GMXUSDT,0.4524224196742958
GMXUSDT,0.46775236971732725
GMXUSDT,0.41028633665145586
GMXUSDT,0.3425702061899072
GMXUSDT,0.3600945260220335
GMXUSDT,0.4009581914842776
GMXUSDT,0.41315714534351095
GMXUSDT,0.3539336363793737
GMXUSDT,0.28054981746694685
GMXUSDT,0.29832340149601366
GMXUSDT,0.29853138787057987
GMXUSDT,0.23871739175265413
GMXUSDT,0.23650020554142334
GMXUSDT,0.2280665782171332
GMXUSDT,0.13834328007142335
GMXUSDT,0.17062406070956906
GMXUSDT,0.1550931858254634
GMXUSDT,0.22974508422203127
GMXUSDT,0.09941918492427645
GMXUSDT,0.12943574211404915
GMXUSDT,0.33050935793778036
GMXUSDT,0.28089516786635904
GMXUSDT,0.21980223513417316
GMXUSDT,0.23127996971823236
GMXUSDT,0.2577969126694316
GMXUSDT,0.28562263356961154
GMXUSDT,0.3949978073213379
GMXUSDT,0.3824127901765223
GMXUSDT,0.46959639403198544
GMXUSDT,0.48156615527392166
GMXUSDT,0.5325037763931189
GMXUSDT,0.5482283334128871
GMXUSDT,0.6061199834298181
GMXUSDT,0.7123365788771646
GMXUSDT,0.62829198726448
GMXUSDT,0.3923641062021397
GMXUSDT,0.4477877277596523
GMXUSDT,0.34558347893062935
GMXUSDT,0.36209480694258084
GMXUSDT,0.4183042852979963
GMXUSDT,0.4250963414869602
GMXUSDT,0.42175932068510247
GMXUSDT,0.40977587540363775
GMXUSDT,0.40150788684818106
GMXUSDT,0.41848101587422754
GMXUSDT,0.394278781260068
GMXUSDT,0.4353896507834799
GMXUSDT,0.46185346793086335
GMXUSDT,0.4083389577275756
GMXUSDT,0.3693224448413595
GMXUSDT,0.3629712740492638
GMXUSDT,0.3799421135165851
GMXUSDT,0.3815041451975372
GMXUSDT,0.41452754014283577
GMXUSDT,0.45644975004427957
GMXUSDT,0.46747350109542607
GMXUSDT,0.4479408330418333
GMXUSDT,0.4742063218768653
GMXUSDT,0.531030715038891
GMXUSDT,0.5740556710747193
GMXUSDT,0.5654648893341335
GMXUSDT,0.558777303594222
GMXUSDT,0.6313997972386672
GMXUSDT,0.6003557236631542
GMXUSDT,0.573576851920339
GMXUSDT,0.563083406569721
GMXUSDT,0.545926628505191
GMXUSDT,0.6016410499542311
GMXUSDT,0.5559365976024866
GMXUSDT,0.5385631162501642
GMXUSDT,0.5443074009860138
GMXUSDT,0.5072830716646951
GMXUSDT,0.41433453861262404
GMXUSDT,0.30908551098045
GMXUSDT,0.3317509935286334
GMXUSDT,0.31638597528860457
GMXUSDT,0.23862792915889383
GMXUSDT,0.2785630852740629
GMXUSDT,0.3395519717543262
GMXUSDT,0.23987254667950425
GMXUSDT,0.28385568244039006
GMXUSDT,0.2697543066671018
GMXUSDT,0.3210691695872977
GMXUSDT,0.32741173278098384
GMXUSDT,0.3591110709046166
GMXUSDT,0.4049339625956721
GMXUSDT,0.3775082822768508
GMXUSDT,0.36233472136485223
GMXUSDT,0.35740188030084674
GMXUSDT,0.3244864899879932
GMXUSDT,0.368112948342813
GMXUSDT,0.35387046058485144
GMXUSDT,0.31227960784926717
GMXUSDT,0.24308652567246455
GMXUSDT,0.31078627806621545
GMXUSDT,0.27764000026293667
GMXUSDT,0.3404413988134173
GMXUSDT,0.35084040111254094
GMXUSDT,0.40200346130498504
GMXUSDT,0.42148858101342535
GMXUSDT,0.4364024378720223
GMXUSDT,0.4209274333790119
GMXUSDT,0.4322939850993745
GMXUSDT,0.46301438595098254
GMXUSDT,0.45719927273778793
GMXUSDT,0.4425788786692338
GMXUSDT,0.42996972469861067
GMXUSDT,0.4509878412143588
GMXUSDT,0.41521624119516
GMXUSDT,0.38325741529984414
GMXUSDT,0.443454440935256
GMXUSDT,0.40728020847040614
GMXUSDT,0.43036690736034455
GMXUSDT,0.4286267409749234
GMXUSDT,0.4202740323299029
GMXUSDT,0.40803256492173917
GMXUSDT,0.3350158877618391
GMXUSDT,0.26916151430737906
GMXUSDT,0.12508091663046897
GMXUSDT,0.2518401086178867
GMXUSDT,0.2634179739275321
GMXUSDT,0.3526298085257099
GMXUSDT,0.41645447760065807
GMXUSDT,0.36995828339294873
GMXUSDT,0.3326611668962722
GMXUSDT,0.3526414783539957
GMXUSDT,0.3681894384843791
GMXUSDT,0.35032313735413917
GMXUSDT,0.3394165102304355
GMXUSDT,0.30072471206006474
GMXUSDT,0.3165153155982567
GMXUSDT,0.28217671239821235
GMXUSDT,0.34306403871463903
GMXUSDT,0.34294749432367133
GMXUSDT,0.3605898501384191
GMXUSDT,0.32888860203994624
GMXUSDT,0.3157624137607657
GMXUSDT,0.3643510731260376
GMXUSDT,0.3393415344657974
GMXUSDT,0.34505466329896073
GMXUSDT,0.38833663838786137
GMXUSDT,0.37817863548278535
GMXUSDT,0.38049040505262277
GMXUSDT,0.3571598134346361
GMXUSDT,0.2747395798937805
GMXUSDT,0.25690536733161773
GMXUSDT,0.20469950152226207
GMXUSDT,0.20509236425249056
GMXUSDT,0.22925808293004746
GMXUSDT,0.18181400255150876
GMXUSDT,0.22054673407026074
GMXUSDT,0.22296636226195196
GMXUSDT,0.15644260779482255
GMXUSDT,0.16844899804882296
GMXUSDT,0.1572747895743284
GMXUSDT,0.17419380047465827
GMXUSDT,0.14971132315333657
GMXUSDT,0.11966632569912408
GMXUSDT,0.12250528307344723
GMXUSDT,0.1263436108719097
GMXUSDT,0.10364495905880734
GMXUSDT,0.11477535767451837
GMXUSDT,0.11021085595690236
GMXUSDT,0.11569797999513352
GMXUSDT,0.10928570458260804
GMXUSDT,0.20451384658773597
GMXUSDT,0.23852545973193137
GMXUSDT,0.33899085956988223
GMXUSDT,0.29448980271378117
GMXUSDT,0.23770140173750937
GMXUSDT,0.2718994162257325
GMXUSDT,0.33339754506622893
GMXUSDT,0.26808257730270996
GMXUSDT,0.2023705153375637
GMXUSDT,0.22913952148083003
GMXUSDT,0.22906579949886374
GMXUSDT,0.2831294610877106
GMXUSDT,0.27525485329954463
GMXUSDT,0.32581658749383496
GMXUSDT,0.3422125126769208
GMXUSDT,0.3047959443796697
GMXUSDT,0.37388237461563206
GMXUSDT,0.308429289373671
GMXUSDT,0.33240721716172617
GMXUSDT,0.3504888628530037
GMXUSDT,0.32960790572305815
GMXUSDT,0.3547631749417826
GMXUSDT,0.3647874306054694
GMXUSDT,0.4132932227099092
GMXUSDT,0.4032912992928251
GMXUSDT,0.41100501501047026
GMXUSDT,0.3937741112895316
GMXUSDT,0.34696227563824866
GMXUSDT,0.3712264985727355
GMXUSDT,0.30115564734296696
GMXUSDT,0.29243163605729744
GMXUSDT,0.383521482394541
GMXUSDT,0.463180716729528
GMXUSDT,0.42092302252023356
GMXUSDT,0.38072003186241543
GMXUSDT,0.3873096750114359
GMXUSDT,0.4264763948658349
GMXUSDT,0.42597717669469193
GMXUSDT,0.4880720768786165
GMXUSDT,0.5642993338328713
GMXUSDT,0.5449799656519658
GMXUSDT,0.5705566561086055
GMXUSDT,0.5948124705392228
GMXUSDT,0.6069812378485503
GMXUSDT,0.6281058614903553
GMXUSDT,0.6076789455928019
GMXUSDT,0.6103884708168121
GMXUSDT,0.6434570812631525
GMXUSDT,0.6660086978985399
GMXUSDT,0.5899783360482684
GMXUSDT,0.5833035641683965
GMXUSDT,0.606041013540025
GMXUSDT,0.6113564286828711
GMXUSDT,0.5912659808233252
GMXUSDT,0.5349056639751337
GMXUSDT,0.5595482088294622
GMXUSDT,0.5041728967861951
GMXUSDT,0.5620076726371933
GMXUSDT,0.5520411257284992
GMXUSDT,0.5394864061581908
GMXUSDT,0.6137128936035365
GMXUSDT,0.6171358100892786
GMXUSDT,0.5895907112002005
GMXUSDT,0.5338138931292024
GMXUSDT,0.5333422722079807
GMXUSDT,0.5701682133373801
GMXUSDT,0.6230114322075682
GMXUSDT,0.5203327466143376
GMXUSDT,0.549758450150194
GMXUSDT,0.5046157323440733
GMXUSDT,0.5481465769444851
GMXUSDT,0.49790412207217954
GMXUSDT,0.41444796097816433
GMXUSDT,0.49385342802298926
GMXUSDT,0.5154139696693691
GMXUSDT,0.5330819518571404
GMXUSDT,0.4807250691791235
GMXUSDT,0.5358097268544494
GMXUSDT,0.5503474697960478
GMXUSDT,0.36024924745106013
GMXUSDT,0.3606394345508961
GMXUSDT,0.3432578670423748
GMXUSDT,0.31752183595376826
GMXUSDT,0.3440955010464568
GMXUSDT,0.40515251988603757
GMXUSDT,0.3718899916237973
GMXUSDT,0.47468689986831086
GMXUSDT,0.4597591172012368
GMXUSDT,0.5164789165741326
GMXUSDT,0.5218656305850946
GMXUSDT,0.544098047815903
GMXUSDT,0.5334873815852509
GMXUSDT,0.5603413243806659
GMXUSDT,0.6148922497898361
GMXUSDT,0.6069272703130695
GMXUSDT,0.5572150543464685
GMXUSDT,0.5389046591195216
GMXUSDT,0.5209366705142792
GMXUSDT,0.5144899177043623
GMXUSDT,0.4473793695140853
GMXUSDT,0.33976729629947494
GMXUSDT,0.2934585487183752
GMXUSDT,0.3455170860449142
GMXUSDT,0.34944001294589144
GMXUSDT,0.4110983475693449
GMXUSDT,0.40776383482986484
GMXUSDT,0.3960391748746649
GMXUSDT,0.3977557702791037
GMXUSDT,0.36262150567913454
GMXUSDT,0.387065140626967
GMXUSDT,0.43522763213418214
GMXUSDT,0.41962787297396104
GMXUSDT,0.41897899470546285
GMXUSDT,0.4195533491845869
GMXUSDT,0.42615265705135086
GMXUSDT,0.39828468000933026
GMXUSDT,0.35306555982128834
GMXUSDT,0.37174568218098025
GMXUSDT,0.33137612197920835
GMXUSDT,0.3597141505859776
GMXUSDT,0.29248237757899975
GMXUSDT,0.23841255904367092
GMXUSDT,0.30512469511349416
GMXUSDT,0.24247250336343332
GMXUSDT,0.24270038772404318
GMXUSDT,0.17577389798808873
GMXUSDT,0.09650836431451748
GMXUSDT,0.09685504158357987
GMXUSDT,0.17831509469721674
GMXUSDT,0.213593515730124
GMXUSDT,0.1832541783216888
GMXUSDT,0.22071999076189822
GMXUSDT,0.3056275250131076
GMXUSDT,0.3543390083785846
GMXUSDT,0.3293872869032334
GMXUSDT,0.3383818568179886
GMXUSDT,0.30529669073073284
GMXUSDT,0.3381402605713773
GMXUSDT,0.3236481088129919
GMXUSDT,0.31602122877047806
GMXUSDT,0.36570690691927976
GMXUSDT,0.37275838412426815
GMXUSDT,0.40569243937742594
GMXUSDT,0.46097932271617925
GMXUSDT,0.4411319685928444
GMXUSDT,0.3842504271492613
GMXUSDT,0.32353464108342717
GMXUSDT,0.3543076381413225
GMXUSDT,0.32811251552267184
GMXUSDT,0.25369558103146994
GMXUSDT,0.2978514234526384
GMXUSDT,0.26285996202938927
GMXUSDT,0.3101863576479031
GMXUSDT,0.28944229893449175
GMXUSDT,0.28692041420544023
GMXUSDT,0.32329959501892896
GMXUSDT,0.3705703417097492
GMXUSDT,0.3922220027455561
GMXUSDT,0.43261466070120685
GMXUSDT,0.3893199349415158
GMXUSDT,0.4433831228264271
GMXUSDT,0.48259594239648407
GMXUSDT,0.46672846757386827
GMXUSDT,0.4375032505427305
GMXUSDT,0.39678646588470684
GMXUSDT,0.40844749021415466
GMXUSDT,0.38719700432686444
GMXUSDT,0.38758593180401035
GMXUSDT,0.381744501355334
GMXUSDT,0.34113806565812377
GMXUSDT,0.3267660811376893
GMXUSDT,0.2693235894540374
GMXUSDT,0.23238586501664535
GMXUSDT,0.2504241345088071
GMXUSDT,0.1809795521123572
GMXUSDT,0.21000873445538784
GMXUSDT,0.1950346138837487
GMXUSDT,0.14813634374469756
GMXUSDT,0.1893328411195499
GMXUSDT,0.15267939498842711
GMXUSDT,0.16282540574736168
GMXUSDT,0.18277639624519595
GMXUSDT,0.14397031210410638
GMXUSDT,0.1740747307467098
GMXUSDT,0.2239006091964272
GMXUSDT,0.2726764216046046
GMXUSDT,0.2476704852883627
GMXUSDT,0.21995663554752534
GMXUSDT,0.30111310991987
GMXUSDT,0.2638239955774052
GMXUSDT,0.22085899785731525
GMXUSDT,0.3082625648241754
GMXUSDT,0.3063928201441107
GMXUSDT,0.26172956257530794
GMXUSDT,0.24258996259602583
GMXUSDT,0.2844420956891561
GMXUSDT,0.27013473875248195
GMXUSDT,0.27346939318160407
GMXUSDT,0.2856161926844814
GMXUSDT,0.2546256274887803
GMXUSDT,0.23198392735456214
GMXUSDT,0.24162061260495787
GMXUSDT,0.30212400385973986
GMXUSDT,0.33577919173040444
GMXUSDT,0.31621690411214337
GMXUSDT,0.29116531508054877
GMXUSDT,0.2736193172014549
GMXUSDT,0.306384994956517
GMXUSDT,0.30877183079427134
GMXUSDT,0.31685162088013147
GMXUSDT,0.35091911211878496
GMXUSDT,0.44418090525666365
GMXUSDT,0.49765007627471974
GMXUSDT,0.5001105243236582
GMXUSDT,0.4680389739080183
GMXUSDT,0.5049953370567881
GMXUSDT,0.4517434599754392
GMXUSDT,0.4456176314636925
GMXUSDT,0.49879880918116604
GMXUSDT,0.4601453721688697
GMXUSDT,0.4760770744462005
GMXUSDT,0.4349018992125092
GMXUSDT,0.39885729354258304
GMXUSDT,0.29154973316142313
GMXUSDT,0.4336074441259504
GMXUSDT,0.37927084722712945
GMXUSDT,0.38321587524426154
GMXUSDT,0.4203085506647372
GMXUSDT,0.40737793211986645
GMXUSDT,0.4347551539092516
GMXUSDT,0.3713561424595341
GMXUSDT,0.24245303598206666
GMXUSDT,0.27992271297548643
GMXUSDT,0.24949439086845454
GMXUSDT,0.23766390637180201
GMXUSDT,0.2685414592987987
GMXUSDT,0.32013702065675315
GMXUSDT,0.3460305383409085
GMXUSDT,0.3670100115065506
GMXUSDT,0.37481177001078153
GMXUSDT,0.39186775477514524
GMXUSDT,0.41948901367910013
GMXUSDT,0.4424439687619583
GMXUSDT,0.46296300766153176
GMXUSDT,0.44081480291434816
GMXUSDT,0.47585964124036306
GMXUSDT,0.465885904057486
GMXUSDT,0.4825044982715033
GMXUSDT,0.4313418182903507
GMXUSDT,0.4573311445469208
GMXUSDT,0.43098547289331984
GMXUSDT,0.4398913129962045
GMXUSDT,0.42778439939448076
GMXUSDT,0.418777667669461
GMXUSDT,0.37171754239465177
GMXUSDT,0.3867427468561433
GMXUSDT,0.334125249905198
GMXUSDT,0.34014183782975355
GMXUSDT,0.35335626738921366
GMXUSDT,0.23590588053833886
GMXUSDT,0.2587041271559362
GMXUSDT,0.3007569679086354
GMXUSDT,0.2704682000271603
GMXUSDT,0.29921086415046544
GMXUSDT,0.27063407918139865
GMXUSDT,0.30529495194623735
GMXUSDT,0.30343762170210814
GMXUSDT,0.271232955009413
GMXUSDT,0.24004470635530645
GMXUSDT,0.22501866490240943
GMXUSDT,0.23465597556661397
GMXUSDT,0.28181180676673556
GMXUSDT,0.3083991394595217
GMXUSDT,0.2750329242318865
GMXUSDT,0.22714609399610372
GMXUSDT,0.21506455048188713
GMXUSDT,0.2121981573898975
GMXUSDT,0.24268831895753687
GMXUSDT,0.2688122078957731
GMXUSDT,0.266834863784196
GMXUSDT,0.25228333370099043
GMXUSDT,0.25225177636859253
GMXUSDT,0.2719243098044943
GMXUSDT,0.308762405450791
GMXUSDT,0.3820607591587538
GMXUSDT,0.42183510563093557
GMXUSDT,0.45916055617226714
GMXUSDT,0.45256618237662316
GMXUSDT,0.4356062190609203
GMXUSDT,0.4398393645220539
GMXUSDT,0.4330473210462313
GMXUSDT,0.4669429231517597
GMXUSDT,0.4682018862430134
GMXUSDT,0.46530360558321643
GMXUSDT,0.49440080102152806
GMXUSDT,0.47269630410033486
GMXUSDT,0.4865875363955433
GMXUSDT,0.48982751201095337
GMXUSDT,0.5308316565657129
GMXUSDT,0.5234795382651648
GMXUSDT,0.4405209463156557
GMXUSDT,0.4473816233037318
GMXUSDT,0.4710587120965796
GMXUSDT,0.44131710535372903
GMXUSDT,0.4255505609911562
GMXUSDT,0.4151858088642776
GMXUSDT,0.4372264944266451
GMXUSDT,0.46878387356645573
GMXUSDT,0.40715027449943403
GMXUSDT,0.43544498708397594
GMXUSDT,0.47122798271597205
GMXUSDT,0.4666594460687332
GMXUSDT,0.5137208882667896
GMXUSDT,0.466805705729217
GMXUSDT,0.4486135592932893
GMXUSDT,0.4614428616886558
GMXUSDT,0.4755033056282874
GMXUSDT,0.46948438996507746
GMXUSDT,0.4316581063330989
GMXUSDT,0.4595571746253466
GMXUSDT,0.4620672416468786
GMXUSDT,0.4360701432704691
GMXUSDT,0.38698686679811267
GMXUSDT,0.39223046635456377
GMXUSDT,0.3200491846900294
GMXUSDT,0.33764723440736966
GMXUSDT,0.30478534077831976
GMXUSDT,0.33643059468475534
GMXUSDT,0.29657609346234487
GMXUSDT,0.3408980721726257
GMXUSDT,0.3039852439546607
GMXUSDT,0.2214779611037579
GMXUSDT,0.2541253585606328
GMXUSDT,0.3150925362175112
GMXUSDT,0.34661623003746167
GMXUSDT,0.4276479531631256
GMXUSDT,0.4254094605887819
GMXUSDT,0.45908466139422693
GMXUSDT,0.4136288998430587
GMXUSDT,0.41032491729705367
GMXUSDT,0.4379486727848795
GMXUSDT,0.40361994395254025
GMXUSDT,0.4631611976917319
GMXUSDT,0.4590121071453353
GMXUSDT,0.4636494104496531
GMXUSDT,0.5007331714068523
GMXUSDT,0.4422830076924954
GMXUSDT,0.42478440483271146
GMXUSDT,0.416195630419162
GMXUSDT,0.4300754637767016
GMXUSDT,0.39817966778297176
GMXUSDT,0.360519449146677
GMXUSDT,0.38071658648660217
GMXUSDT,0.4176063670508137
GMXUSDT,0.38851914731252196
GMXUSDT,0.35854904636788726
GMXUSDT,0.36352942566598834
GMXUSDT,0.3093072467861108
GMXUSDT,0.2860740324729511
GMXUSDT,0.2710272306690842
GMXUSDT,0.260730746894538
GMXUSDT,0.2801626337485542
GMXUSDT,0.28212668428737503
GMXUSDT,0.2241230425942685
GMXUSDT,0.22608992800066466
GMXUSDT,0.21601801414096786
GMXUSDT,0.16365235598631875
GMXUSDT,0.10769613171769388
GMXUSDT,0.13562731389391056
GMXUSDT,0.17132865647588605
GMXUSDT,0.1434502387592743
GMXUSDT,0.10632360334884591
GMXUSDT,0.1279884710402214
GMXUSDT,0.12039147961463406
GMXUSDT,0.06324335894220064
GMXUSDT,0.09577888903482816
GMXUSDT,0.13142710705465735
GMXUSDT,0.26399434824074375
GMXUSDT,0.3366430582233606
GMXUSDT,0.32792329836989226
GMXUSDT,0.3004952748063186
GMXUSDT,0.3167337102962022
GMXUSDT,0.33676779314891575
GMXUSDT,0.3516309844670539
GMXUSDT,0.33674115643601826
GMXUSDT,0.3976457480291507
GMXUSDT,0.3726374581974783
GMXUSDT,0.3370101535755272
GMXUSDT,0.2749728905925863
GMXUSDT,0.3025374307058613
GMXUSDT,0.2713814130520163
GMXUSDT,0.28670089924918707
GMXUSDT,0.2917913341607298
GMXUSDT,0.25988728457898375
GMXUSDT,0.2532785283792057
GMXUSDT,0.24609779578735924
GMXUSDT,0.21330201176083669
GMXUSDT,0.22485464326074908
GMXUSDT,0.2524821491987157
GMXUSDT,0.23897061329568783
GMXUSDT,0.24456183364642511
GMXUSDT,0.2639190210343101
GMXUSDT,0.21723832459275177
GMXUSDT,0.22628033895741653
GMXUSDT,0.3092691011340491
GMXUSDT,0.2683980989243246
GMXUSDT,0.27343521328906356
GMXUSDT,0.2718076386428259
GMXUSDT,0.2714851698712631
GMXUSDT,0.26779772551858066
GMXUSDT,0.35215827373884584
GMXUSDT,0.3114136492809603
GMXUSDT,0.3136508543985279
GMXUSDT,0.320692241561641
GMXUSDT,0.28870136440120403
GMXUSDT,0.2883370354508862
GMXUSDT,0.272938861643787
GMXUSDT,0.3000152898117608
GMXUSDT,0.25818008780029283
GMXUSDT,0.2626557171349689
GMXUSDT,0.22967169348984207
GMXUSDT,0.23877046275874342
GMXUSDT,0.2657543041416346
GMXUSDT,0.3022217912636343
GMXUSDT,0.3309746613750512
GMXUSDT,0.27705721856561105
GMXUSDT,0.2651112331929446
GMXUSDT,0.29671498182332157
GMXUSDT,0.24799171922664046
GMXUSDT,0.2737312755982127
GMXUSDT,0.2839048729561959
GMXUSDT,0.2893965016854332
GMXUSDT,0.25152102937450527
GMXUSDT,0.21460288675609435
GMXUSDT,0.20082027785737597
GMXUSDT,0.18968262681163248
GMXUSDT,0.18527363167416133
GMXUSDT,0.1819352299845224
GMXUSDT,0.19911499941351196
GMXUSDT,0.1543356474888013
GMXUSDT,0.10657093732159305
GMXUSDT,0.19142064062710512
GMXUSDT,0.28875736575380795
GMXUSDT,0.2670906010976184
GMXUSDT,0.24646576715988716
GMXUSDT,0.2604129456775942
GMXUSDT,0.29631207722622416
GMXUSDT,0.2560286890772646
GMXUSDT,0.2931388571672014
GMXUSDT,0.330498846735142
GMXUSDT,0.3492103218991376
GMXUSDT,0.3328254510347099
GMXUSDT,0.2988877955446445
GMXUSDT,0.28186925766872545
GMXUSDT,0.3164908314802877
GMXUSDT,0.37870441524355625
GMXUSDT,0.42524864279636687
GMXUSDT,0.40759061026256505
GMXUSDT,0.399547044128667
GMXUSDT,0.3785991474376809
GMXUSDT,0.347091757013057
GMXUSDT,0.32796195132951933
GMXUSDT,0.3180094129498686
GMXUSDT,0.2712836074780733
GMXUSDT,0.28152598537248125
GMXUSDT,0.2981917112334769
GMXUSDT,0.2869168776853007
GMXUSDT,0.2778988220789603
GMXUSDT,0.2785244584251726
GMXUSDT,0.32164126170119395
GMXUSDT,0.34203566870555424
GMXUSDT,0.3536704840585774
GMXUSDT,0.356284884312169
GMXUSDT,0.37174973052747157
GMXUSDT,0.3775649599794364
GMXUSDT,0.35438545297665425
GMXUSDT,0.3531230279343267
GMXUSDT,0.33975826484185473
GMXUSDT,0.3412182969783067
GMXUSDT,0.2769921424605011
GMXUSDT,0.2641532394890288
GMXUSDT,0.2608579970446005
GMXUSDT,0.2868048930938939
GMXUSDT,0.29382506753976767
GMXUSDT,0.25483445086974066
GMXUSDT,0.2126278101038606
GMXUSDT,0.19705095367439504
GMXUSDT,0.2696395981756624
GMXUSDT,0.2654903651422259
GMXUSDT,0.21416606181861048
GMXUSDT,0.2836304935199525
GMXUSDT,0.27600148797993396
GMXUSDT,0.2561577745521458
GMXUSDT,0.23671923548246954
GMXUSDT,0.23098006625828105
GMXUSDT,0.2667494607346191
GMXUSDT,0.2959933152853876
GMXUSDT,0.271677534725296
GMXUSDT,0.26754448770652833
GMXUSDT,0.24424524282402715
GMXUSDT,0.22694526798020817
GMXUSDT,0.2443996554327553
GMXUSDT,0.24896659241746136
GMXUSDT,0.22897018688699222
GMXUSDT,0.23172755529110356
GMXUSDT,0.18818054784340005
GMXUSDT,0.1771535608669029
GMXUSDT,0.2528605647779999
GMXUSDT,0.2811817314265303
GMXUSDT,0.2704308136115327
GMXUSDT,0.279517980862147
GMXUSDT,0.29506759337491006
GMXUSDT,0.31544929998239035
GMXUSDT,0.33698791643364406
GMXUSDT,0.29114757886670933
GMXUSDT,0.27849540614095714
GMXUSDT,0.3103771862206135
GMXUSDT,0.30472490059782
GMXUSDT,0.3324449931941766
GMXUSDT,0.336595850264941
GMXUSDT,0.368969457318558
GMXUSDT,0.48646424361450247
GMXUSDT,0.5201727637909351
GMXUSDT,0.5408771430833836
GMXUSDT,0.4841542100584375
GMXUSDT,0.4997230146880252
GMXUSDT,0.5176338819327485
GMXUSDT,0.5496630985347253
GMXUSDT,0.5272014064265245
GMXUSDT,0.4942356652670616
GMXUSDT,0.45893287375686265
GMXUSDT,0.41921435339911967
GMXUSDT,0.41785864761897823
GMXUSDT,0.3840381272869961
GMXUSDT,0.3503999876309635
GMXUSDT,0.30150759252946097
GMXUSDT,0.3301551742440528
GMXUSDT,0.28571656257536343
GMXUSDT,0.31875057481571334
GMXUSDT,0.32487076767182016
GMXUSDT,0.3124821522600492
GMXUSDT,0.2912372450754797
GMXUSDT,0.29946500931168785
GMXUSDT,0.3268879758399167
GMXUSDT,0.32538564594897845
GMXUSDT,0.36672253980352304
GMXUSDT,0.36171243681692017
GMXUSDT,0.31573092632808586
GMXUSDT,0.2958057782149279
GMXUSDT,0.32227061899032394
GMXUSDT,0.3386527561240507
GMXUSDT,0.34977831058649816
GMXUSDT,0.36606987739277297
GMXUSDT,0.3911682641325415
GMXUSDT,0.4248566296594878
GMXUSDT,0.3984226330321369
GMXUSDT,0.3977218714465214
GMXUSDT,0.39222974692249035
GMXUSDT,0.42058256030965113
GMXUSDT,0.42639524996495576
GMXUSDT,0.40943525374971135
GMXUSDT,0.3666189704529893
GMXUSDT,0.34429797284549263
GMXUSDT,0.3761008476935797
GMXUSDT,0.3496045679418625
GMXUSDT,0.34288745202105614
GMXUSDT,0.33088963757914164
GMXUSDT,0.3456832592082502
GMXUSDT,0.2974703862805285
GMXUSDT,0.2919015607910042
GMXUSDT,0.3041996314192729
GMXUSDT,0.2873103274824869
GMXUSDT,0.29542886449208283
GMXUSDT,0.28088325184039126
GMXUSDT,0.285956758277605
GMXUSDT,0.2993540179354004
GMXUSDT,0.26717909261476164
GMXUSDT,0.2496232311818105
GMXUSDT,0.2668138692521779
GMXUSDT,0.2682584150758285
GMXUSDT,0.23936310595242144
GMXUSDT,0.2493363839272212
GMXUSDT,0.284335363593501
GMXUSDT,0.2836117711188681
GMXUSDT,0.26269661547349477
GMXUSDT,0.26128432742919194
GMXUSDT,0.25783149763077273
GMXUSDT,0.2732913147410491
GMXUSDT,0.26248441892830665
GMXUSDT,0.2532253910995722
GMXUSDT,0.29663188074071023
GMXUSDT,0.35788568498744744
GMXUSDT,0.35788080112562376
GMXUSDT,0.31746701393949567
GMXUSDT,0.346864633569085
GMXUSDT,0.3841125575374191
GMXUSDT,0.35650147857926084
GMXUSDT,0.3538883353632263
GMXUSDT,0.3594818203655149
GMXUSDT,0.35759232226402315
GMXUSDT,0.3289414122555224
GMXUSDT,0.3635664530149056
GMXUSDT,0.35943171505200844
GMXUSDT,0.3282171771745524
GMXUSDT,0.32007103382859814
GMXUSDT,0.34560169510623223
GMXUSDT,0.332667475527336
GMXUSDT,0.3251638449524542
GMXUSDT,0.3175615830809508
GMXUSDT,0.3580402683285773
GMXUSDT,0.3516278911936714
GMXUSDT,0.3466664578386641
GMXUSDT,0.35736210839757526
GMXUSDT,0.34628750098340116
GMXUSDT,0.3507712918562606
GMXUSDT,0.37763221583661405
GMXUSDT,0.35899571757218096
GMXUSDT,0.37767164018385846
GMXUSDT,0.3572085350114826
GMXUSDT,0.37190656685243056
GMXUSDT,0.3624846404005043
GMXUSDT,0.4041048664747641
GMXUSDT,0.3984182693484718
GMXUSDT,0.3947096355505009
GMXUSDT,0.3785936436272999
GMXUSDT,0.3547454617439045
GMXUSDT,0.3770828396996036
GMXUSDT,0.3446172653271282
GMXUSDT,0.3425053693973703
GMXUSDT,0.32367786177506047
GMXUSDT,0.3447496232350874
GMXUSDT,0.34784008534535626
GMXUSDT,0.3434557777477956
GMXUSDT,0.3505210813661378
GMXUSDT,0.3236721909839138
GMXUSDT,0.3274545308052995
GMXUSDT,0.33843899498056557
GMXUSDT,0.33173190623673054
GMXUSDT,0.3355062618622516
GMXUSDT,0.3229371881636725
GMXUSDT,0.3301994439149058
GMXUSDT,0.3435005583937289
GMXUSDT,0.3209136725112515
GMXUSDT,0.31062607894437766
GMXUSDT,0.2739389200746978
GMXUSDT,0.2964080110807484
GMXUSDT,0.2949615870990264
GMXUSDT,0.31787994081695164
GMXUSDT,0.2876239161277007
GMXUSDT,0.2708590812005212
GMXUSDT,0.2820678826820093
GMXUSDT,0.2594733329457058
GMXUSDT,0.2850982742989266
GMXUSDT,0.27722017303030755
GMXUSDT,0.29268731848122753
GMXUSDT,0.302612889160909
GMXUSDT,0.3104267671966121
GMXUSDT,0.2986786047637568
GMXUSDT,0.3016897711116871
GMXUSDT,0.3212211004767166
GMXUSDT,0.3200623542161567
GMXUSDT,0.31649168205373657
GMXUSDT,0.32560078253706787
GMXUSDT,0.3000452086613126
GMXUSDT,0.2916846964317485
GMXUSDT,0.2972963642289952
GMXUSDT,0.3381479402110916
GMXUSDT,0.3382726339189225
GMXUSDT,0.32691553526526573
GMXUSDT,0.34841443314543036
GMXUSDT,0.29601070802532053
GMXUSDT,0.2994923761769465
GMXUSDT,0.30813816641492114
GMXUSDT,0.3060708725700382
GMXUSDT,0.2806606857252126
GMXUSDT,0.2637988170053125
GMXUSDT,0.2513839069695848
GMXUSDT,0.24975318673940983
GMXUSDT,0.2316228687967205
GMXUSDT,0.24006526510083406
GMXUSDT,0.26750246265622485
GMXUSDT,0.2685834565193929
GMXUSDT,0.2943722342060518
GMXUSDT,0.2765832499659644
GMXUSDT,0.29293329855389216
GMXUSDT,0.31995847088818097
GMXUSDT,0.3362413101050917
GMXUSDT,0.3361068201915845
GMXUSDT,0.3336843988112105
GMXUSDT,0.313693636515419
GMXUSDT,0.31789921008152616
GMXUSDT,0.31516991295114455
GMXUSDT,0.3033137005268489
GMXUSDT,0.31127762683389093
GMXUSDT,0.310095619947656
GMXUSDT,0.3312762618894202
GMXUSDT,0.290369790695027
GMXUSDT,0.2710588752686298
GMXUSDT,0.2571311914370534
GMXUSDT,0.2656982070643951
GMXUSDT,0.25315333390659306
GMXUSDT,0.2656216525691497
GMXUSDT,0.2742839876959667
GMXUSDT,0.2643418776453343
GMXUSDT,0.2650831010899698
GMXUSDT,0.2556578146533056
GMXUSDT,0.21844747109423415
GMXUSDT,0.24537700552067543
GMXUSDT,0.2122226674540033
GMXUSDT,0.21598484021484202
GMXUSDT,0.21986618256849802
GMXUSDT,0.22240230151321502
GMXUSDT,0.22058049369281413
GMXUSDT,0.23047475622142424
GMXUSDT,0.25463562585835425
GMXUSDT,0.2518972929310826
GMXUSDT,0.26821865304383585
GMXUSDT,0.2642507581122405
GMXUSDT,0.2656869928782116
GMXUSDT,0.2582683220752776
GMXUSDT,0.22038410085224136
GMXUSDT,0.2554528273201582
GMXUSDT,0.28944071805024296
GMXUSDT,0.2988632636462922
GMXUSDT,0.3117359475934481
GMXUSDT,0.29755238902936154
GMXUSDT,0.3462049831916873
GMXUSDT,0.33048788155385517
GMXUSDT,0.30488775682106173
GMXUSDT,0.28824738406006845
GMXUSDT,0.29943758271182574
GMXUSDT,0.30435591953049157
GMXUSDT,0.2988131997595083
GMXUSDT,0.3066621886539441
GMXUSDT,0.295836483945009
GMXUSDT,0.26306953411493034
GMXUSDT,0.30371469520801825
GMXUSDT,0.33847466469358534
GMXUSDT,0.30117418700993576
GMXUSDT,0.3001222814240726
GMXUSDT,0.31597370696067933
GMXUSDT,0.3259731157470366
GMXUSDT,0.34198995791108155
GMXUSDT,0.34388118615512175
GMXUSDT,0.36258732261984494
GMXUSDT,0.3532547103128751
GMXUSDT,0.35851469721726686
GMXUSDT,0.35437192398164086
GMXUSDT,0.32642667080176685
GMXUSDT,0.32759900184620133
GMXUSDT,0.3261403545244781
GMXUSDT,0.3524496753545494
GMXUSDT,0.3660406544577666
GMXUSDT,0.3957950648226041
GMXUSDT,0.3698264598995828
GMXUSDT,0.36538156372331254
GMXUSDT,0.3602976798811489
GMXUSDT,0.354404171787547
GMXUSDT,0.3419932977017416
GMXUSDT,0.339273602860121
GMXUSDT,0.3286366840382693
GMXUSDT,0.3369502938218745
GMXUSDT,0.3347661210039269
GMXUSDT,0.34055515579766915
GMXUSDT,0.3330940787287585
GMXUSDT,0.3325256437753525
GMXUSDT,0.28849354718750775
GMXUSDT,0.2798125825885108
GMXUSDT,0.2510218862351031
GMXUSDT,0.24986676697788052
GMXUSDT,0.25489138432066405
GMXUSDT,0.25084818032109635
GMXUSDT,0.23882002200900168
GMXUSDT,0.2114898114625562
GMXUSDT,0.23028285418581568
GMXUSDT,0.2475063095986909
GMXUSDT,0.2651168230772804
GMXUSDT,0.2650148362075778
GMXUSDT,0.25669350399901814
GMXUSDT,0.2738142276257547
GMXUSDT,0.28257579561524404
GMXUSDT,0.2630468824528113
GMXUSDT,0.2771904159059642
GMXUSDT,0.3232059769320004
GMXUSDT,0.31668360070574936
GMXUSDT,0.3610845812149457
GMXUSDT,0.3478731529764379
GMXUSDT,0.34014922190773883
GMXUSDT,0.33937765850162244
GMXUSDT,0.32476217114633665
GMXUSDT,0.34569610887874447
GMXUSDT,0.34073808243950116
GMXUSDT,0.34144668446535154
GMXUSDT,0.37678983071634214
GMXUSDT,0.3954056403042469
GMXUSDT,0.39110837994572956
GMXUSDT,0.3803665517103905
GMXUSDT,0.37823448367058893
GMXUSDT,0.3885076784098789
GMXUSDT,0.3884794590775821
GMXUSDT,0.3841882434482308
GMXUSDT,0.3577347071236097
GMXUSDT,0.3784411662150531
GMXUSDT,0.3465277172221952
GMXUSDT,0.37930586107671665
GMXUSDT,0.38728598130072217
GMXUSDT,0.3796152491120428
GMXUSDT,0.3470747976768371
GMXUSDT,0.3445935646984939
GMXUSDT,0.3305995436619141
GMXUSDT,0.33741462479565715
GMXUSDT,0.31108196855361936
GMXUSDT,0.29365671780475433
GMXUSDT,0.2826802523853218
GMXUSDT,0.2953512241498018
GMXUSDT,0.32509332969069943
GMXUSDT,0.3217972097359965
GMXUSDT,0.3341339932706467
GMXUSDT,0.3410826591914473
GMXUSDT,0.3442058929938001
GMXUSDT,0.35002421524658395
GMXUSDT,0.35113629168341365
GMXUSDT,0.3375515178002014
GMXUSDT,0.3230917553675388
GMXUSDT,0.3422078740118496
GMXUSDT,0.3189619982530955
GMXUSDT,0.31176168737892096
GMXUSDT,0.3055016427716003
GMXUSDT,0.3058890185102613
GMXUSDT,0.2925387400179737
GMXUSDT,0.31854747570768976
GMXUSDT,0.35833914864487443
GMXUSDT,0.35489584143067865
GMXUSDT,0.3597165741122168
GMXUSDT,0.3498437006107607
GMXUSDT,0.350980806010985
GMXUSDT,0.342833149203211
GMXUSDT,0.3308904514430515
GMXUSDT,0.3188235059601839
GMXUSDT,0.34114669865628783
GMXUSDT,0.3552976980131261
GMXUSDT,0.39422072890014853
GMXUSDT,0.41808337357576836
GMXUSDT,0.4245639924807469
GMXUSDT,0.390673771086616
GMXUSDT,0.40880642696493985
GMXUSDT,0.3875624422690122
GMXUSDT,0.39720022595253573
GMXUSDT,0.36693583433597343
GMXUSDT,0.35470929468921886
GMXUSDT,0.3574588952336343
GMXUSDT,0.36109007833683027
GMXUSDT,0.34942184678532456
GMXUSDT,0.3676858570242959
GMXUSDT,0.35966038069545864
GMXUSDT,0.3636973732019136
GMXUSDT,0.3581293170606185
GMXUSDT,0.34140208304646175
GMXUSDT,0.3364455603305666
GMXUSDT,0.31739509138313027
GMXUSDT,0.30074598280308634
GMXUSDT,0.3136508345080672
GMXUSDT,0.29880372676065003
GMXUSDT,0.347378986682536
GMXUSDT,0.3513557460663975
GMXUSDT,0.3335714952752739
GMXUSDT,0.31519689172884846
GMXUSDT,0.28265725249874735
GMXUSDT,0.2727070207539322
GMXUSDT,0.27867845663259616
GMXUSDT,0.29754398920688235
GMXUSDT,0.3045735099693134
GMXUSDT,0.28838383980430726
GMXUSDT,0.29217270583507093
GMXUSDT,0.27073762457109013
GMXUSDT,0.2709590140361482
GMXUSDT,0.28308898564978086
GMXUSDT,0.26183996052484143
GMXUSDT,0.24708306721168682
GMXUSDT,0.297124707250419
GMXUSDT,0.27171933024924927
GMXUSDT,0.3060257194946137
GMXUSDT,0.3030032410464081
GMXUSDT,0.306907818464981
GMXUSDT,0.4387512249766159
GMXUSDT,0.38650463308528854
GMXUSDT,0.3871495309920394
GMXUSDT,0.36577783080240844
GMXUSDT,0.39318510499331116
GMXUSDT,0.3820349723402105
GMXUSDT,0.36065726578525376
GMXUSDT,0.36824694721612794
GMXUSDT,0.3294855110276829
GMXUSDT,0.3218606594940614
GMXUSDT,0.33377560350310137
GMXUSDT,0.34677274970298605
GMXUSDT,0.33251143685390044
GMXUSDT,0.3158908995412414
GMXUSDT,0.3145405680317301
GMXUSDT,0.3426450489732771
GMXUSDT,0.34743539881788105
GMXUSDT,0.36218718056705407
GMXUSDT,0.3534320186453527
GMXUSDT,0.35990426624862004
GMXUSDT,0.3380157799138001
GMXUSDT,0.345693550336456
GMXUSDT,0.3259698184007016
GMXUSDT,0.3254022864253336
GMXUSDT,0.37599562625555655
GMXUSDT,0.3912857807611771
GMXUSDT,0.37406969731741313
GMXUSDT,0.3800085262210575
GMXUSDT,0.3574414770593187
GMXUSDT,0.34353322065575476
GMXUSDT,0.3710858358117289
GMXUSDT,0.37741381430605897
GMXUSDT,0.39705210883629877
GMXUSDT,0.3932635128336278
GMXUSDT,0.3941570942826609
GMXUSDT,0.3695594411572199
GMXUSDT,0.3472384638952471
GMXUSDT,0.36120985861980465
GMXUSDT,0.3494342870553896
GMXUSDT,0.25417997834096917
GMXUSDT,0.22631994326804303
GMXUSDT,0.26677140362035767
GMXUSDT,0.3289127437767566
GMXUSDT,0.34264697834630486
GMXUSDT,0.3474493129861169
GMXUSDT,0.36433425537111036
GMXUSDT,0.3521356959150269
GMXUSDT,0.35192198719134066
GMXUSDT,0.34747286133220634
GMXUSDT,0.31977390824498253
GMXUSDT,0.3293187325097288
GMXUSDT,0.3304719834896281
GMXUSDT,0.3293299861987225
GMXUSDT,0.309031724175934
GMXUSDT,0.3319272510690576
GMXUSDT,0.31910787365862386
GMXUSDT,0.3137161237612872
GMXUSDT,0.33975777580842953
GMXUSDT,0.3476985922424706
GMXUSDT,0.36786043517151723
GMXUSDT,0.3545958809188192
GMXUSDT,0.3371222039665176
GMXUSDT,0.3531223233239117
GMXUSDT,0.36550197783118993
GMXUSDT,0.3961824717734273
GMXUSDT,0.41149345974412727
GMXUSDT,0.364561810267711
GMXUSDT,0.3953204175441055
GMXUSDT,0.3608244244433215
GMXUSDT,0.3271156489660581
GMXUSDT,0.36054195308748055
GMXUSDT,0.35704531164686026
GMXUSDT,0.325754625515374
GMXUSDT,0.34701887149743627
GMXUSDT,0.33898948825460123
GMXUSDT,0.31435107767324355
GMXUSDT,0.3227139644114661
GMXUSDT,0.29949167459021375
GMXUSDT,0.28046615316835866
GMXUSDT,0.28119154226759535
GMXUSDT,0.28667904039454556
GMXUSDT,0.2713142126403042
GMXUSDT,0.27416223436987747
GMXUSDT,0.29478117672251625
GMXUSDT,0.280907593073664
GMXUSDT,0.2732589133799023
GMXUSDT,0.24857325869311492
GMXUSDT,0.26953882489153863
GMXUSDT,0.30137595778835474
GMXUSDT,0.3013291732786864
GMXUSDT,0.3089061653731417
GMXUSDT,0.2901798630893876
GMXUSDT,0.266152997011711
GMXUSDT,0.2650632397020073
GMXUSDT,0.279727702222216
GMXUSDT,0.29300347148058015
GMXUSDT,0.2876242069012051
GMXUSDT,0.2501983030411492
GMXUSDT,0.2557244200627656
GMXUSDT,0.2459874426178704
GMXUSDT,0.2562108931344262
GMXUSDT,0.2864306857940303
GMXUSDT,0.2872287136909059
GMXUSDT,0.2573457393851521
GMXUSDT,0.25520238885113017
GMXUSDT,0.29326746267804904
GMXUSDT,0.293832129364417
GMXUSDT,0.2842919166164275
GMXUSDT,0.30545016054853685
GMXUSDT,0.3138283895632449
GMXUSDT,0.31656043218753227
GMXUSDT,0.3264404390659027
GMXUSDT,0.32494143923886465
GMXUSDT,0.3017614780932808
GMXUSDT,0.30571060113642445
GMXUSDT,0.35445265656169184
GMXUSDT,0.3189465910504344
GMXUSDT,0.3656673192492636
GMXUSDT,0.38560404663014863
GMXUSDT,0.4461424388993513
GMXUSDT,0.4760253248147927
GMXUSDT,0.5421518875367525
GMXUSDT,0.5508486850479377
GMXUSDT,0.5306429912541908
GMXUSDT,0.47892530833685953
GMXUSDT,0.43413403875190637
GMXUSDT,0.41652863927510897
GMXUSDT,0.41094653237314205
GMXUSDT,0.3974458084343491
GMXUSDT,0.42503937629783706
GMXUSDT,0.4224974051467449
GMXUSDT,0.43765518032869866
GMXUSDT,0.43349743510866395
GMXUSDT,0.48023635390351177
GMXUSDT,0.4596387938700875
GMXUSDT,0.4055567726702042
GMXUSDT,0.4287472572104493
GMXUSDT,0.41356850316011395
GMXUSDT,0.430611799884315
GMXUSDT,0.423536599831537
GMXUSDT,0.37413494054034135
GMXUSDT,0.34519537716616105
GMXUSDT,0.392345686743873
GMXUSDT,0.3839654097550855
GMXUSDT,0.3581589042927283
GMXUSDT,0.4224375191379344
GMXUSDT,0.4362950680826331
GMXUSDT,0.42513919551658386
GMXUSDT,0.4500586951309619
GMXUSDT,0.42138894559941503
GMXUSDT,0.4494394386202182
GMXUSDT,0.46753815757451206
GMXUSDT,0.39601262305806373
GMXUSDT,0.3413508408244468
GMXUSDT,0.34272627247207565
GMXUSDT,0.33685574950089864
GMXUSDT,0.379208500898684
GMXUSDT,0.3640666052686653
GMXUSDT,0.36889314641878584
GMXUSDT,0.3551683122107101
GMXUSDT,0.3820894061485235
GMXUSDT,0.3913761620520393
GMXUSDT,0.3957139814370053
GMXUSDT,0.3594728325660239
GMXUSDT,0.35320564285383954
GMXUSDT,0.384974559071037
GMXUSDT,0.36341678391909543
GMXUSDT,0.3513537684424137
GMXUSDT,0.3516190175062433
GMXUSDT,0.32753441638842956
GMXUSDT,0.3082833828751696
GMXUSDT,0.3295679639015723
GMXUSDT,0.35148608108106305
GMXUSDT,0.3574138647311632
GMXUSDT,0.35226019043594786
GMXUSDT,0.3976547331918162
GMXUSDT,0.4017760911119648
GMXUSDT,0.41333148070877945
GMXUSDT,0.41612423752024796
GMXUSDT,0.42978072163367625
GMXUSDT,0.42876671868216065
GMXUSDT,0.428582461906005
GMXUSDT,0.416265941599099
GMXUSDT,0.392287691892254
GMXUSDT,0.4343642553336335
GMXUSDT,0.45088653439235077
GMXUSDT,0.4288930567239095
GMXUSDT,0.43808696970002875
GMXUSDT,0.4962483090626028
GMXUSDT,0.48995693062246054
GMXUSDT,0.46764525607400326
GMXUSDT,0.4280931709713378
GMXUSDT,0.39888776812076576
GMXUSDT,0.4184774286415626
GMXUSDT,0.4064502449907473
GMXUSDT,0.38135806632825164
GMXUSDT,0.31354094610924726
GMXUSDT,0.26524449467076416
GMXUSDT,0.261226656480183
GMXUSDT,0.27642575129660674
GMXUSDT,0.292042487974082
GMXUSDT,0.28189632966882144
GMXUSDT,0.31359380837650985
GMXUSDT,0.30533246385054247
GMXUSDT,0.3209490504545422
GMXUSDT,0.3214057015344586
GMXUSDT,0.31052019079271237
GMXUSDT,0.33061814018610663
GMXUSDT,0.34255635631142833
GMXUSDT,0.3397481712458677
GMXUSDT,0.3118777629468488
GMXUSDT,0.4360397402431947
GMXUSDT,0.43072836243851503
GMXUSDT,0.44320490995906
GMXUSDT,0.38548955516761063
GMXUSDT,0.3713860582693664
GMXUSDT,0.3594658814219722
GMXUSDT,0.3450695528602619
GMXUSDT,0.3729155198003468
GMXUSDT,0.3928530818017538
GMXUSDT,0.3990868838041813
GMXUSDT,0.4696138833443937
GMXUSDT,0.4735552616328506
GMXUSDT,0.48271609274631927
GMXUSDT,0.46355049168008505
GMXUSDT,0.4771105327627569
GMXUSDT,0.5016577952734699
GMXUSDT,0.5146244324900917
GMXUSDT,0.5266728707115685
GMXUSDT,0.5342053890617885
GMXUSDT,0.5413261012307528
GMXUSDT,0.5301061706212309
GMXUSDT,0.5786707723724102
GMXUSDT,0.5993853038522808
GMXUSDT,0.6204259732684028
GMXUSDT,0.6238608914459767
GMXUSDT,0.5976764391834791
GMXUSDT,0.6442677398530962
GMXUSDT,0.6501310322263614
GMXUSDT,0.6448826238919473
GMXUSDT,0.6417054222323615
GMXUSDT,0.6111186675765653
GMXUSDT,0.5871608329879588
GMXUSDT,0.5614488673964445
GMXUSDT,0.3600600890465798
GMXUSDT,0.28809211256791933
GMXUSDT,0.31413497237623744
GMXUSDT,0.33888919864743955
GMXUSDT,0.33105098848116726
GMXUSDT,0.33727654110259697
GMXUSDT,0.32954728666338257
GMXUSDT,0.3068834591434735
GMXUSDT,0.3071353518839422
GMXUSDT,0.2829374143185788
GMXUSDT,0.3645463474842109
GMXUSDT,0.392061716700915
GMXUSDT,0.38542763161207366
GMXUSDT,0.36014182103757164
GMXUSDT,0.344045492514847
GMXUSDT,0.3488026213347675
GMXUSDT,0.345948650958981
GMXUSDT,0.33919831762090574
GMXUSDT,0.3540241510127149
GMXUSDT,0.35957051090384123
GMXUSDT,0.3640200781179208
GMXUSDT,0.3409072777112715
GMXUSDT,0.32568216534706373
GMXUSDT,0.3300073183531786
GMXUSDT,0.30788981079831423
GMXUSDT,0.3341152231316816
GMXUSDT,0.36541547493000465
GMXUSDT,0.3837349503026547
GMXUSDT,0.36879048230216516
GMXUSDT,0.37934430517540124
GMXUSDT,0.38618473877034315
GMXUSDT,0.4152821959797812
GMXUSDT,0.41046651722283023
GMXUSDT,0.43113743374201446
GMXUSDT,0.41772951684488285
GMXUSDT,0.3755814794624619
GMXUSDT,0.3548048889376893
GMXUSDT,0.3629943508037296
GMXUSDT,0.34541390744989264
GMXUSDT,0.33034895729652985
GMXUSDT,0.2566917846663808
GMXUSDT,0.2811845432170685
GMXUSDT,0.2761607311057527
GMXUSDT,0.29574107172217057
GMXUSDT,0.26398174519775475
GMXUSDT,0.25161596849570206
GMXUSDT,0.2526186401187994
GMXUSDT,0.2355744231562642
GMXUSDT,0.2901377779668146
GMXUSDT,0.25879585178428605
GMXUSDT,0.20827110891849962
GMXUSDT,0.20643553567978715
GMXUSDT,0.2396657688222399
GMXUSDT,0.2189704495934301
GMXUSDT,0.18085790232912966
GMXUSDT,0.18799449159298084
GMXUSDT,0.20839298260850742
GMXUSDT,0.2710616402784333
GMXUSDT,0.24680235878788745
GMXUSDT,0.21960692822353337
GMXUSDT,0.23927256724027737
GMXUSDT,0.2788926296579663
GMXUSDT,0.28405435715498306
GMXUSDT,0.3072720203671936
GMXUSDT,0.32349421568415654
GMXUSDT,0.32032460697111714
GMXUSDT,0.28912868028349076
GMXUSDT,0.25891605926083955
GMXUSDT,0.2350579270595347
GMXUSDT,0.24770457648035663
GMXUSDT,0.26900989694595884
GMXUSDT,0.24565869818947475
GMXUSDT,0.23585282486042228
GMXUSDT,0.2549150422569184
GMXUSDT,0.2742391886219525
GMXUSDT,0.2841454232623186
GMXUSDT,0.2913753744696992
GMXUSDT,0.35030626707389223
GMXUSDT,0.3574915047594751
GMXUSDT,0.3820988625509624
GMXUSDT,0.3706421102123216
GMXUSDT,0.34400842799635745
GMXUSDT,0.3421686861425247
GMXUSDT,0.4288578113202707
GMXUSDT,0.4045048802049644
GMXUSDT,0.3701780400327879
GMXUSDT,0.40911061733230114
GMXUSDT,0.35161328021883387
GMXUSDT,0.37301944449617974
GMXUSDT,0.3501635865077037
GMXUSDT,0.340832120701133
GMXUSDT,0.2949407904580782
GMXUSDT,0.25247468060866746
GMXUSDT,0.25266394508494683
GMXUSDT,0.21947685787214227
GMXUSDT,0.24383279942583358
GMXUSDT,0.2563846416333394
GMXUSDT,0.22073112633160766
GMXUSDT,0.20238879608142604
GMXUSDT,0.18911354352484042
GMXUSDT,0.18903954533815295
GMXUSDT,0.1836761525172613
GMXUSDT,0.16759484554867296
GMXUSDT,0.20057481303117108
GMXUSDT,0.18897583119279174
GMXUSDT,0.22255087540822507
GMXUSDT,0.22864253661234454
GMXUSDT,0.24964643174928716
GMXUSDT,0.2441301412201616
GMXUSDT,0.20911154821977923
GMXUSDT,0.1877176074103481
GMXUSDT,0.15846122087823178
GMXUSDT,0.2850700172887555
GMXUSDT,0.32768882651079334
GMXUSDT,0.2803378678734939
GMXUSDT,0.2756475737734372
GMXUSDT,0.2908066358581943
GMXUSDT,0.3630561392648523
GMXUSDT,0.3104212456516515
GMXUSDT,0.3143676475236439
GMXUSDT,0.3710558411829549
GMXUSDT,0.36242476605353896
GMXUSDT,0.3779219986748912
GMXUSDT,0.37140138266950923
GMXUSDT,0.3719735287707705
GMXUSDT,0.363192576419662
GMXUSDT,0.3561132234971409
GMXUSDT,0.35324576471122454
GMXUSDT,0.34826116076943886
GMXUSDT,0.3679096942320427
GMXUSDT,0.3653795617778368
GMXUSDT,0.3812500724588983
GMXUSDT,0.3918422083899815
GMXUSDT,0.39901961363083766
GMXUSDT,0.3986071544102243
GMXUSDT,0.3860169656135138
GMXUSDT,0.41202270111674566
GMXUSDT,0.3960488226608946
GMXUSDT,0.4366769473100412
GMXUSDT,0.431512991431568
GMXUSDT,0.39514744352214715
GMXUSDT,0.3901770067819957
GMXUSDT,0.45475597047259725
GMXUSDT,0.43319312686413985
GMXUSDT,0.46354632610615865
GMXUSDT,0.47818156415909324
GMXUSDT,0.4509999247597949
GMXUSDT,0.4656212427629776
GMXUSDT,0.4891745087587619
GMXUSDT,0.5256851263221177
GMXUSDT,0.5420465561102089
GMXUSDT,0.5674302460361165
GMXUSDT,0.5806996545666611
GMXUSDT,0.6249433939379779
GMXUSDT,0.6188810935048619
GMXUSDT,0.6229249135664067
GMXUSDT,0.6466218044052197
GMXUSDT,0.6277849979364666
GMXUSDT,0.6249850712629257
GMXUSDT,0.5978255433020173
GMXUSDT,0.5819782600939793
GMXUSDT,0.5453220313076742
GMXUSDT,0.5362717637896216
GMXUSDT,0.5467119171585532
GMXUSDT,0.5046712259494298
GMXUSDT,0.4434584646465367
GMXUSDT,0.46557647766627486
GMXUSDT,0.38816045352800516
GMXUSDT,0.31515022925319197
GMXUSDT,0.2229461660943881
GMXUSDT,0.20635251825832912
GMXUSDT,0.26558171560277233
GMXUSDT,0.2608917114105063
GMXUSDT,0.2525784643413079
GMXUSDT,0.2579523001028815
GMXUSDT,0.22549985592213814
GMXUSDT,0.21975020015878127
GMXUSDT,0.24186686877559604
GMXUSDT,0.22879155185750985
GMXUSDT,0.2755090883680575
GMXUSDT,0.30019152985429876
GMXUSDT,0.27420988114412237
GMXUSDT,0.31810244133414994
GMXUSDT,0.3391432738708872
GMXUSDT,0.36157916683548663
GMXUSDT,0.3425672712332208
GMXUSDT,0.3519964253436048
GMXUSDT,0.36236829217597344
GMXUSDT,0.3422649674514489
GMXUSDT,0.38966366145986736
GMXUSDT,0.39141114956305445
GMXUSDT,0.4238031391210859
GMXUSDT,0.49532644096500955
GMXUSDT,0.4794497691275693
GMXUSDT,0.5052764018963692
GMXUSDT,0.5279617450365555
GMXUSDT,0.5093077104266822
GMXUSDT,0.5079373806810296
GMXUSDT,0.48499012128874003
GMXUSDT,0.47009545953155185
GMXUSDT,0.46425035438764134
GMXUSDT,0.4270788151158142
GMXUSDT,0.4514843043184631
GMXUSDT,0.440784764656436
GMXUSDT,0.4687362111712064
GMXUSDT,0.431391935253371
GMXUSDT,0.4182525919271329
GMXUSDT,0.3821023248702693
GMXUSDT,0.4048904639319184
GMXUSDT,0.45828261256217645
GMXUSDT,0.2629976456453211
GMXUSDT,0.3018630117008786
GMXUSDT,0.35362900248724605
GMXUSDT,0.43881934562533503
GMXUSDT,0.41006056249017475
GMXUSDT,0.43299146158371665
GMXUSDT,0.4443448921147156
GMXUSDT,0.44754315601926176
GMXUSDT,0.4522847597827668
GMXUSDT,0.43932128408976123
GMXUSDT,0.5399623139020882
GMXUSDT,0.5327467938526239
GMXUSDT,0.5465477658670274
GMXUSDT,0.5467951416731073
GMXUSDT,0.5600244844308534
GMXUSDT,0.5525666148942413
GMXUSDT,0.5349215645716984
GMXUSDT,0.518918306059143
GMXUSDT,0.5157066990352345
GMXUSDT,0.5051897896745127
GMXUSDT,0.5199289363441142
GMXUSDT,0.5541089434901424
GMXUSDT,0.37263794237604325
GMXUSDT,0.31593591768731727
GMXUSDT,0.29019319492149354
GMXUSDT,0.27692070228882115
GMXUSDT,0.33335703610729617
GMXUSDT,0.2975654697425012
GMXUSDT,0.26213008276682165
GMXUSDT,0.25899716213644386
GMXUSDT,0.25666557264537754
GMXUSDT,0.2311221221358294
GMXUSDT,0.16913034665425378
GMXUSDT,0.15425619449485847
GMXUSDT,0.21538895715583353
GMXUSDT,0.20731752438222895
GMXUSDT,0.20539821602423006
GMXUSDT,0.18079876037152529
GMXUSDT,0.2410895233562306
GMXUSDT,0.2210581699297618
GMXUSDT,0.2347542983999821
GMXUSDT,0.20434983272640686
GMXUSDT,0.20477639407098439
GMXUSDT,0.20266366099887315
GMXUSDT,0.1946093178326372
GMXUSDT,0.19098380308894858
GMXUSDT,0.1659266863039437
GMXUSDT,0.17100638536782914
GMXUSDT,0.194500685210292
GMXUSDT,0.21614805887135566
GMXUSDT,0.22947345745986095
GMXUSDT,0.23927637190143308
GMXUSDT,0.2942014125121631
GMXUSDT,0.4033749910278006
GMXUSDT,0.4157584936199188
GMXUSDT,0.4626287231032604
GMXUSDT,0.4965744960959748
GMXUSDT,0.46600473400272596
GMXUSDT,0.4444539577671756
GMXUSDT,0.4673821647374219
GMXUSDT,0.4005676279539567
GMXUSDT,0.3586282427524252
GMXUSDT,0.3642013505005738
GMXUSDT,0.38733914105437284
GMXUSDT,0.4192236405651489
GMXUSDT,0.43554112969060715
GMXUSDT,0.4348474184471429
GMXUSDT,0.3841463546661195
GMXUSDT,0.4326507444686913
GMXUSDT,0.48823884395786044
GMXUSDT,0.4550835868423763
GMXUSDT,0.44740000420488335
GMXUSDT,0.4499073089427104
GMXUSDT,0.41208045658882625
GMXUSDT,0.3820703800553746
GMXUSDT,0.3431696986309229
GMXUSDT,0.2886572226534973
GMXUSDT,0.30860036629116544
GMXUSDT,0.2585861469879998
GMXUSDT,0.2102144654624737
GMXUSDT,0.24554891653898345
GMXUSDT,0.27570007288469905
GMXUSDT,0.2568357808920046
GMXUSDT,0.22741024870393212
GMXUSDT,0.1982990494961329
GMXUSDT,0.23724012896284424
GMXUSDT,0.2648296392482527
GMXUSDT,0.2833906753630977
GMXUSDT,0.3051020955139077
GMXUSDT,0.3152422292257492
GMXUSDT,0.29773150736579296
GMXUSDT,0.2528914179390026
GMXUSDT,0.25377564094927024
GMXUSDT,0.28865839831639645
GMXUSDT,0.32803144353589053
GMXUSDT,0.33007903683159706
GMXUSDT,0.3388769502655234
GMXUSDT,0.30912940152059254
GMXUSDT,0.30940606922596686
GMXUSDT,0.2988744470468408
GMXUSDT,0.32203237071674934
GMXUSDT,0.35293831119980246
GMXUSDT,0.36943004614783137
GMXUSDT,0.4429058684626878
GMXUSDT,0.5120232959762181
GMXUSDT,0.5029353830971708
GMXUSDT,0.5489173843858776
GMXUSDT,0.5447060169275649
GMXUSDT,0.5125318078478608
GMXUSDT,0.4921076177080036
GMXUSDT,0.49858581051726963
GMXUSDT,0.5500131285701222
GMXUSDT,0.5610612045583979
GMXUSDT,0.5502361622209361
GMXUSDT,0.5774868957322983
GMXUSDT,0.6130971273900261
GMXUSDT,0.6177441721908213
GMXUSDT,0.5770934052356381
GMXUSDT,0.5198603290437709
GMXUSDT,0.44190811043505823
GMXUSDT,0.36077671426105923
GMXUSDT,0.38776730159696254
GMXUSDT,0.36569107028466463
GMXUSDT,0.37616655735162713
GMXUSDT,0.3730077531177999
GMXUSDT,0.3678891045521855
GMXUSDT,0.30218253506970205
GMXUSDT,0.3358485330099359
GMXUSDT,0.3566081045850092
GMXUSDT,0.38782625030014256
GMXUSDT,0.3143177714864517
GMXUSDT,0.24542283180705682
GMXUSDT,0.2525446368456939
GMXUSDT,0.28860047512123077
GMXUSDT,0.3474715528999877
GMXUSDT,0.3685768642349367
GMXUSDT,0.377626253961874
GMXUSDT,0.426343141830498
GMXUSDT,0.41021223354078956
GMXUSDT,0.44268253459041557
GMXUSDT,0.490724278159827
GMXUSDT,0.5261047731982534
GMXUSDT,0.4983732823833869
GMXUSDT,0.5283218016553299
GMXUSDT,0.5330087104727802
GMXUSDT,0.5105519848365424
GMXUSDT,0.5319143371153718
GMXUSDT,0.5967727612255428
GMXUSDT,0.5918358714931666
GMXUSDT,0.6179830123283138
GMXUSDT,0.6008781586666235
GMXUSDT,0.5959417921691182
GMXUSDT,0.5837329116491309
GMXUSDT,0.6468407909130105
GMXUSDT,0.6412498503363684
GMXUSDT,0.6214536245372405
GMXUSDT,0.6085903409689584
GMXUSDT,0.6164404478099437
GMXUSDT,0.6396697147407192
GMXUSDT,0.6930784601212922
GMXUSDT,0.5964320541388769
GMXUSDT,0.5988901196332238
GMXUSDT,0.5292042647991054
GMXUSDT,0.48744581976308476
GMXUSDT,0.2220168803704391
GMXUSDT,0.20358455988718974
GMXUSDT,0.23354477277648122
GMXUSDT,0.2911184952163832
GMXUSDT,0.21693671010461002
GMXUSDT,0.20587145347091745
GMXUSDT,0.226035302837865
GMXUSDT,0.23912290689181753
GMXUSDT,0.19556864889678754
GMXUSDT,0.19146900659683527
GMXUSDT,0.2143597482625876
GMXUSDT,0.2291910952468309
GMXUSDT,0.22577800086965835
GMXUSDT,0.27200934398333226
GMXUSDT,0.26069011304469897
GMXUSDT,0.23648264063105257
GMXUSDT,0.27054002844442104
GMXUSDT,0.27828595451576726
GMXUSDT,0.28019698803494025
GMXUSDT,0.2894209319346113
GMXUSDT,0.3714870211250762
GMXUSDT,0.3533499053546003
GMXUSDT,0.3633145058216012
GMXUSDT,0.3746306282162281
GMXUSDT,0.35434547322625787
GMXUSDT,0.23667216353670978
GMXUSDT,0.2712450930994453
GMXUSDT,0.2686467129643555
GMXUSDT,0.23274771404362776
GMXUSDT,0.2865849455265348
GMXUSDT,0.3805577310630212
GMXUSDT,0.4029188384724019
GMXUSDT,0.3860008081050332
GMXUSDT,0.3444573424571991
GMXUSDT,0.32633516339891017
GMXUSDT,0.3553002775003791
GMXUSDT,0.4029582951427249
GMXUSDT,0.3718886947809604
GMXUSDT,0.3820691094806829
GMXUSDT,0.3672687483863532
GMXUSDT,0.41463070398102575
GMXUSDT,0.4318058093882683
GMXUSDT,0.39571883226249144
GMXUSDT,0.41759327064406176
GMXUSDT,0.39740591377144807
GMXUSDT,0.44046409321755664
GMXUSDT,0.4441752423599103
GMXUSDT,0.43864594972777304
GMXUSDT,0.4486092011027367
GMXUSDT,0.3770001238957951
GMXUSDT,0.30895981730230626
GMXUSDT,0.30390175553007653
GMXUSDT,0.2517703588893442
GMXUSDT,0.22927626904603823
GMXUSDT,0.20233715517945094
GMXUSDT,0.2435583821435027
GMXUSDT,0.297644390774715
GMXUSDT,0.3120338756424575
GMXUSDT,0.32118990078107956
GMXUSDT,0.3777836573323783
GMXUSDT,0.40532241611321573
GMXUSDT,0.4531332042629196
GMXUSDT,0.4522334781336168
GMXUSDT,0.46220305286601115
GMXUSDT,0.5094350649164281
GMXUSDT,0.5887224395048881
GMXUSDT,0.6142622341614746
GMXUSDT,0.697092903270971
GMXUSDT,0.7180059146248764
GMXUSDT,0.709724156923078
GMXUSDT,0.7087238205711072
GMXUSDT,0.7650380236299975
GMXUSDT,0.7967505568545287
GMXUSDT,0.7984086231834068
GMXUSDT,0.8992232332232465
GMXUSDT,0.9466439728074196
GMXUSDT,0.9931030335189792
GMXUSDT,1.0
GMXUSDT,0.7039941636526912
GMXUSDT,0.6013261994916124
GMXUSDT,0.6244829228660099
GMXUSDT,0.32103733569199533
GMXUSDT,0.34887206852479596
GMXUSDT,0.2970992717298443
GMXUSDT,0.3527005324049067
GMXUSDT,0.3167790000738358
GMXUSDT,0.3127221025102475
GMXUSDT,0.29422229824475576
GMXUSDT,0.335895409361807
GMXUSDT,0.34121297384287985
GMXUSDT,0.34058584231067107
GMXUSDT,0.3217623184328634
GMXUSDT,0.3345826339320647
GMXUSDT,0.35192180565160364
GMXUSDT,0.3305656503857049
GMXUSDT,0.29066705659204073
GMXUSDT,0.3164242485906568
GMXUSDT,0.3425038419082184
GMXUSDT,0.28024886156616285
GMXUSDT,0.32440020788343565
GMXUSDT,0.3119160109898698
GMXUSDT,0.24758378111153426
GMXUSDT,0.29201919049712566
GMXUSDT,0.3326406716441151
GMXUSDT,0.44862147973383826
GMXUSDT,0.41647515237303157
GMXUSDT,0.4826642266695295
GMXUSDT,0.48390159340810773
GMXUSDT,0.509719909485552
GMXUSDT,0.564854604534413
GMXUSDT,0.5657684025434377
GMXUSDT,0.5501044072938563
GMXUSDT,0.5416574061039189
GMXUSDT,0.5620766548334164
GMXUSDT,0.6355456024201774
GMXUSDT,0.6306411965885501
GMXUSDT,0.6159280135892267
GMXUSDT,0.543788207505697
GMXUSDT,0.5404431846790908
GMXUSDT,0.5180103480308494
GMXUSDT,0.46952943142129755
GMXUSDT,0.4495896178506692
GMXUSDT,0.40454926201397906
GMXUSDT,0.4668388008194055
GMXUSDT,0.44254300334737556
GMXUSDT,0.4896005492910052
GMXUSDT,0.5407967272892983
GMXUSDT,0.49596586172111273
GMXUSDT,0.547587920206458
GMXUSDT,0.526924765658037
GMXUSDT,0.4750994915208872
GMXUSDT,0.38249381736535987
GMXUSDT,0.36445682864001633
GMXUSDT,0.29954252970677814
GMXUSDT,0.2270738905966746
GMXUSDT,0.30048208292782647
GMXUSDT,0.3050942726796178
GMXUSDT,0.2947344004241833
GMXUSDT,0.26988092827002713
GMXUSDT,0.1833315731607809
GMXUSDT,0.17687986179467544
GMXUSDT,0.15486605722297758
GMXUSDT,0.23485587925062593
GMXUSDT,0.17693985214172342
GMXUSDT,0.15865531284188614
GMXUSDT,0.16526172641575113
GMXUSDT,0.17163112247361623
GMXUSDT,0.16993221339632011
GMXUSDT,0.1888800268866663
GMXUSDT,0.22398936101057684
GMXUSDT,0.18040218288834456
GMXUSDT,0.129658445826147
GMXUSDT,0.14132926244475583
GMXUSDT,0.11820763710053757
GMXUSDT,0.1929431317588308
GMXUSDT,0.1816894682453805
GMXUSDT,0.16642575286127664
GMXUSDT,0.16600719681908654
GMXUSDT,0.23710646857852485
GMXUSDT,0.20327973765183333
GMXUSDT,0.156908640990078
GMXUSDT,0.15819791508321138
GMXUSDT,0.19663606886994808
GMXUSDT,0.12354619398792918
GMXUSDT,0.14411012927936417
GMXUSDT,0.14397134341139664
GMXUSDT,0.21844887539562236
GMXUSDT,0.39765464942193635
GMXUSDT,0.3532253065149703
GMXUSDT,0.26315974207935183
GMXUSDT,0.3375337844474333
GMXUSDT,0.38069319716222355
GMXUSDT,0.4792903016973886
GMXUSDT,0.4304938363481929
GMXUSDT,0.40131810414450714
GMXUSDT,0.413375026842137
GMXUSDT,0.4083059894985127
GMXUSDT,0.345812863145285
GMXUSDT,0.35915605190904354
GMXUSDT,0.3401969110934401
GMXUSDT,0.3138182701701443
GMXUSDT,0.4048225304678292
GMXUSDT,0.3906224808440831
GMXUSDT,0.41257345514923444
GMXUSDT,0.4175748262498656
GMXUSDT,0.41872993551693183
GMXUSDT,0.3610387309177594
GMXUSDT,0.40220429715508954
GMXUSDT,0.39653338550441286
GMXUSDT,0.42835864170747584
GMXUSDT,0.43261789640745596
GMXUSDT,0.4250268785456858
GMXUSDT,0.4508777092571856
GMXUSDT,0.5039857350667108
GMXUSDT,0.4568073013667303
GMXUSDT,0.49288634978624674
GMXUSDT,0.4708546596215385
GMXUSDT,0.4916919228704584
GMXUSDT,0.47312969575557334
GMXUSDT,0.46944001507604116
GMXUSDT,0.46371257249885167
GMXUSDT,0.5366841462043479
GMXUSDT,0.6114779514961073
GMXUSDT,0.6119887535056621
GMXUSDT,0.5813391618435122
GMXUSDT,0.5290941889162007
GMXUSDT,0.49145758887652163
GMXUSDT,0.49238322844355786
GMXUSDT,0.43466156274652745
GMXUSDT,0.40438349106295557
GMXUSDT,0.41184815997894547
GMXUSDT,0.3957730346547532
GMXUSDT,0.3134937482291578
GMXUSDT,0.2241210393118037
GMXUSDT,0.2660241396693292
GMXUSDT,0.2589103780975168
GMXUSDT,0.3062956011035004
GMXUSDT,0.3306142665517703
GMXUSDT,0.3918785668734595
GMXUSDT,0.34385514933555555
GMXUSDT,0.23638380046240798
GMXUSDT,0.35853035109907333
GMXUSDT,0.29266152497283937
GMXUSDT,0.23815045393160725
GMXUSDT,0.23471658657588873
GMXUSDT,0.1862201264922649
GMXUSDT,0.15636627506781817
GMXUSDT,0.12713642246809298
GMXUSDT,0.16417908518211843
GMXUSDT,0.19171687854373465
GMXUSDT,0.16706475823509997
GMXUSDT,0.1421832875611961
GMXUSDT,0.16287810929088567
GMXUSDT,0.16463454060255656
GMXUSDT,0.13669452568250115
GMXUSDT,0.15168593969727068
GMXUSDT,0.18751843325710266
GMXUSDT,0.16220707911801
GMXUSDT,0.2033847210156887
GMXUSDT,0.20410475748666326
GMXUSDT,0.20872988938503595
GMXUSDT,0.2535419175037694
GMXUSDT,0.3270726599338315
GMXUSDT,0.3028340134261678
GMXUSDT,0.23721970002285098
GMXUSDT,0.2528019882094507
GMXUSDT,0.24924444655757608
GMXUSDT,0.2386764352874588
GMXUSDT,0.15792651189322057
GMXUSDT,0.1320633522090647
GMXUSDT,0.12500912676435352
GMXUSDT,0.13412582134646242
GMXUSDT,0.13468303368946574
GMXUSDT,0.22653459867394782
GMXUSDT,0.31794402959346646
GMXUSDT,0.27765777147899295
GMXUSDT,0.23803801147710368
GMXUSDT,0.18263767216498636
GMXUSDT,0.20070692019253927
GMXUSDT,0.16205482523868206
GMXUSDT,0.12310343297802248
GMXUSDT,0.1464694360912026
GMXUSDT,0.14088653736220616
GMXUSDT,0.13111092132501304
GMXUSDT,0.08025032407033608
GMXUSDT,0.07716097322109418
GMXUSDT,0.09050904391523863
GMXUSDT,0.2144714884219791
GMXUSDT,0.23031090452280228
GMXUSDT,0.21640113365199143
GMXUSDT,0.31367965440551593
GMXUSDT,0.2786840952585979
GMXUSDT,0.29499579357504013
GMXUSDT,0.3605455541182502
GMXUSDT,0.3322690405886571
GMXUSDT,0.3641298645097366
GMXUSDT,0.31421538214666067
GMXUSDT,0.29113851384467837
GMXUSDT,0.355067872330961
GMXUSDT,0.41747357642679145
GMXUSDT,0.4090957907694667
GMXUSDT,0.34528466029644345
GMXUSDT,0.31987189827946994
GMXUSDT,0.30629298138351124
GMXUSDT,0.3453759425161847
GMXUSDT,0.3349906952154896
GMXUSDT,0.41525577367578953
GMXUSDT,0.44339954536573545
GMXUSDT,0.41689158138620674
GMXUSDT,0.3935939946963291
GMXUSDT,0.4704864094630762
GMXUSDT,0.4915265932605323
GMXUSDT,0.4892061629723311
GMXUSDT,0.47372905887902705
GMXUSDT,0.4434333350062515
GMXUSDT,0.48301105494326785
GMXUSDT,0.5438837217088353
GMXUSDT,0.5293318090866509
GMXUSDT,0.527696379629964
GMXUSDT,0.5181244145589794
GMXUSDT,0.5452039854917886
GMXUSDT,0.5642356255895066
GMXUSDT,0.4856267589947358
GMXUSDT,0.4269540334770237
GMXUSDT,0.4736199386667578
GMXUSDT,0.5288983316516692
GMXUSDT,0.5007497364531242
GMXUSDT,0.48528400677055317
GMXUSDT,0.46788743182005105
GMXUSDT,0.5164431379554867
GMXUSDT,0.48183250143855244
GMXUSDT,0.4499430688523516
GMXUSDT,0.38569002199417673
GMXUSDT,0.41642326620120307
GMXUSDT,0.42293351665880474
GMXUSDT,0.3881998836653268
GMXUSDT,0.38605180633258485
GMXUSDT,0.4220049803915859
GMXUSDT,0.44316047461216546
GMXUSDT,0.40796945100376436
GMXUSDT,0.36645557814624546
GMXUSDT,0.3709515275260151
GMXUSDT,0.32494198349802506
GMXUSDT,0.33338798132343767
GMXUSDT,0.3096722746082301
GMXUSDT,0.3159227557358052
GMXUSDT,0.2975246616152904
GMXUSDT,0.3344380800174247
GMXUSDT,0.28825782061420446
GMXUSDT,0.27987649782042573
GMXUSDT,0.30130844200694745
GMXUSDT,0.3207505648595037
GMXUSDT,0.2686170677695684
GMXUSDT,0.28809942777995284
GMXUSDT,0.24851921411847205
GMXUSDT,0.24255187039983075
GMXUSDT,0.30208286144616836
GMXUSDT,0.28994177464834486
GMXUSDT,0.24886836066745588
GMXUSDT,0.1622687427336835
GMXUSDT,0.17615889783791064
GMXUSDT,0.1328171052577177
GMXUSDT,0.1168546912918333
GMXUSDT,0.10564559070894616
GMXUSDT,0.2054723043255894
GMXUSDT,0.2326083326256574
GMXUSDT,0.26353826107145933
GMXUSDT,0.3087136751821037
GMXUSDT,0.37111613738569893
GMXUSDT,0.3606461012194085
GMXUSDT,0.3521173662516641
GMXUSDT,0.3676944965081817
GMXUSDT,0.3690054204342375
GMXUSDT,0.36591417593484393
GMXUSDT,0.35401495756642315
GMXUSDT,0.43346798494685357
GMXUSDT,0.5131382098848268
GMXUSDT,0.5220475687986116
GMXUSDT,0.551242356005807
GMXUSDT,0.5348793034871743
GMXUSDT,0.6193789527649686
GMXUSDT,0.6245889877650496
GMXUSDT,0.64296952715612
GMXUSDT,0.6751094183346354
GMXUSDT,0.72493895850087
GMXUSDT,0.6372504713070707
GMXUSDT,0.5841638406979677
GMXUSDT,0.5974334810087005
GMXUSDT,0.6231213181510766
GMXUSDT,0.6019865555856048
GMXUSDT,0.5469560077465503
GMXUSDT,0.5961558186411224
GMXUSDT,0.5562826126357521
GMXUSDT,0.5152611669680159
GMXUSDT,0.4776448205242757
GMXUSDT,0.5234327890979729
GMXUSDT,0.5162297944971418
GMXUSDT,0.5306688345993447
GMXUSDT,0.49998800335769367
GMXUSDT,0.47323649460292316
GMXUSDT,0.4106733804828625
GMXUSDT,0.4664435578841304
GMXUSDT,0.5101000052865895
GMXUSDT,0.5007162209094139
GMXUSDT,0.4296703362383633
GMXUSDT,0.35696886765191777
GMXUSDT,0.3395545094411943
GMXUSDT,0.3054027719762983
GMXUSDT,0.32375382932701197
GMXUSDT,0.3643752219771709
GMXUSDT,0.36336431433141103
GMXUSDT,0.42289311863347884
GMXUSDT,0.43371762628405736
GMXUSDT,0.44363488822313146
GMXUSDT,0.42938778651120385
GMXUSDT,0.46786523266757835
GMXUSDT,0.481597766814331
GMXUSDT,0.4794871291557722
GMXUSDT,0.43611495848299875
GMXUSDT,0.4649174593027466
GMXUSDT,0.5059398330701547
GMXUSDT,0.5488743928191324
GMXUSDT,0.5874622857793561
GMXUSDT,0.6107821977976079
GMXUSDT,0.5766871301464672
GMXUSDT,0.5705247529249116
GMXUSDT,0.55681964214017
GMXUSDT,0.5455039882321767
GMXUSDT,0.5890152958870057
GMXUSDT,0.5096456342120232
GMXUSDT,0.4956167801119738
GMXUSDT,0.5132131038896774
GMXUSDT,0.5102421460135468
GMXUSDT,0.49203524112018465
GMXUSDT,0.4231955304443066
GMXUSDT,0.35222792349124415
GMXUSDT,0.4031903353545684
GMXUSDT,0.4201392107889216
GMXUSDT,0.36325567846274476
GMXUSDT,0.3514105306308222
GMXUSDT,0.3061758360280461
GMXUSDT,0.2800286716853673
GMXUSDT,0.2561182413018759
GMXUSDT,0.2988510102192536
GMXUSDT,0.27942985649929075
GMXUSDT,0.31347756684895733
GMXUSDT,0.33774135884959294
GMXUSDT,0.3589298934120625
GMXUSDT,0.3124078112207933
GMXUSDT,0.3234401359028713
GMXUSDT,0.2709190667901719
GMXUSDT,0.18591015489020327
GMXUSDT,0.28292854955515095
GMXUSDT,0.2518844766744453
GMXUSDT,0.17851649288119623
GMXUSDT,0.1972699191518243
GMXUSDT,0.21362332903269463
GMXUSDT,0.1677893507531713
GMXUSDT,0.18352160066951032
GMXUSDT,0.2593865783027155
GMXUSDT,0.2982049093893894
GMXUSDT,0.40064373221165955
GMXUSDT,0.4308491393985753
GMXUSDT,0.4090652621473332
GMXUSDT,0.3730688182390416
GMXUSDT,0.4040974523635212
GMXUSDT,0.4310333147493007
GMXUSDT,0.4663107688510579
GMXUSDT,0.5003892864496624
GMXUSDT,0.4681168262195606
GMXUSDT,0.4758344354720821
GMXUSDT,0.4110639099876098
GMXUSDT,0.4075035949226821
GMXUSDT,0.40218063249226316
GMXUSDT,0.4193968470666691
GMXUSDT,0.4152999652695724
GMXUSDT,0.45942908752822714
GMXUSDT,0.4608997858844273
GMXUSDT,0.4278939474287464
GMXUSDT,0.43950159021708396
GMXUSDT,0.41989795477082087
GMXUSDT,0.40615311713200974
GMXUSDT,0.3790640040505199
GMXUSDT,0.39980816820041326
GMXUSDT,0.44151638838182133
GMXUSDT,0.4095353192794212
GMXUSDT,0.32251569345095743
GMXUSDT,0.3135150075884639
GMXUSDT,0.2503625298198989
GMXUSDT,0.2227582025970676
GMXUSDT,0.1929731213059069
GMXUSDT,0.2016536963027695
GMXUSDT,0.18304182152856033
GMXUSDT,0.24494327966785748
GMXUSDT,0.24696224211999063
GMXUSDT,0.2962282467831158
GMXUSDT,0.25378119014098116
GMXUSDT,0.2862641791687843
GMXUSDT,0.3176649321843119
GMXUSDT,0.28137645464291433
GMXUSDT,0.3141175033051481
GMXUSDT,0.3150473834581837
GMXUSDT,0.30419198188019836
GMXUSDT,0.3130345112591324
GMXUSDT,0.3312542528013496
GMXUSDT,0.3773813233478889
GMXUSDT,0.4044796992822218
GMXUSDT,0.3958153340164258
GMXUSDT,0.3739181929739374
GMXUSDT,0.34923060843882164
GMXUSDT,0.3153046862090671
GMXUSDT,0.2673205867770488
GMXUSDT,0.28873227504483673
GMXUSDT,0.3052438800033815
GMXUSDT,0.29743665134685165
GMXUSDT,0.25389141158777506
GMXUSDT,0.23687910601589682
GMXUSDT,0.23783189699002827
GMXUSDT,0.2724692098009487
GMXUSDT,0.24940826606921948
GMXUSDT,0.21309287352237422
GMXUSDT,0.2099623705715332
GMXUSDT,0.2274929963548944
GMXUSDT,0.1756150325323785
GMXUSDT,0.21745908045891305
GMXUSDT,0.19084786511072505
GMXUSDT,0.19602708813399994
GMXUSDT,0.2595636345066188
GMXUSDT,0.34677759024441324
GMXUSDT,0.3516930668766557
GMXUSDT,0.32345529793196587
GMXUSDT,0.3483765042189453
GMXUSDT,0.3243202286818602
GMXUSDT,0.34669534607469427
GMXUSDT,0.37493264688304445
GMXUSDT,0.4007297174735314
GMXUSDT,0.43813516661229257
GMXUSDT,0.3984159128926045
GMXUSDT,0.3597976264830024
GMXUSDT,0.31301180689110436
GMXUSDT,0.3494276614255824
GMXUSDT,0.3451721987124633
GMXUSDT,0.38793581004037425
GMXUSDT,0.4162231784678633
GMXUSDT,0.38144119019284145
GMXUSDT,0.3521653799281127
GMXUSDT,0.3401424181231072
GMXUSDT,0.37514809872436344
GMXUSDT,0.3719796663191187
GMXUSDT,0.3701350915037143
GMXUSDT,0.3774085173666885
GMXUSDT,0.37189603713747155
GMXUSDT,0.3562496421357186
GMXUSDT,0.3386898895330916
GMXUSDT,0.3065308722317429
GMXUSDT,0.34171874113186645
GMXUSDT,0.32427173913134655
GMXUSDT,0.3430240867622479
GMXUSDT,0.3147046844419305
GMXUSDT,0.2917597448814164
GMXUSDT,0.29742332358351553
GMXUSDT,0.269047092541618
GMXUSDT,0.1947638304308384
GMXUSDT,0.23642011585876035
GMXUSDT,0.1835976228223752
GMXUSDT,0.13622211987537602
GMXUSDT,0.14985320734843188
GMXUSDT,0.20500541752119225
GMXUSDT,0.18798560416865284
GMXUSDT,0.23085740696978815
GMXUSDT,0.2887669936844545
GMXUSDT,0.26081853800536803
GMXUSDT,0.30436718229102294
GMXUSDT,0.26588200700790887
GMXUSDT,0.24722767257991324
GMXUSDT,0.28521471948027144
GMXUSDT,0.20781311447244227
GMXUSDT,0.18654521783375386
GMXUSDT,0.20930041134824195
GMXUSDT,0.22679161611590068
GMXUSDT,0.30036361698274333
GMXUSDT,0.21112617115147297
GMXUSDT,0.21458980852330256
GMXUSDT,0.20499356330862764
GMXUSDT,0.2475335531566406
GMXUSDT,0.2775509293086209
GMXUSDT,0.26234536874124376
GMXUSDT,0.28876455997589123
GMXUSDT,0.3098607039110165
GMXUSDT,0.3623399539609491
GMXUSDT,0.34460363277078865
GMXUSDT,0.4214975673264105
GMXUSDT,0.4356441442208693
GMXUSDT,0.39914068275976505
GMXUSDT,0.41039321749867846
GMXUSDT,0.34936610710795224
GMXUSDT,0.3508033362001965
GMXUSDT,0.4259550077781255
GMXUSDT,0.4697040206376685
GMXUSDT,0.5141983772578389
GMXUSDT,0.48144573150493375
GMXUSDT,0.4590171962338019
GMXUSDT,0.44594287016128525
GMXUSDT,0.45018942276272056
GMXUSDT,0.4364010538627297
GMXUSDT,0.3806705892404977
GMXUSDT,0.39681612851053866
GMXUSDT,0.40293048261819747
GMXUSDT,0.36916489188836066
GMXUSDT,0.3085260394900649
GMXUSDT,0.32572847117758297
GMXUSDT,0.2838045584849012
GMXUSDT,0.2832277651064811
GMXUSDT,0.2822118733401387
GMXUSDT,0.2648680823764655
GMXUSDT,0.28051245989726165
GMXUSDT,0.29907085446459863
GMXUSDT,0.3229272531776058
GMXUSDT,0.3861577981945002
GMXUSDT,0.3211674812624468
GMXUSDT,0.2659724958100021
GMXUSDT,0.2902824773938092
GMXUSDT,0.2786273276481414
GMXUSDT,0.3386113384122578
GMXUSDT,0.32332976876328434
GMXUSDT,0.35491958119664674
GMXUSDT,0.32811735385302254
GMXUSDT,0.3063333829445011
GMXUSDT,0.33103705412876777
GMXUSDT,0.32439170861054406
GMXUSDT,0.32381696188286796
GMXUSDT,0.2982914627647335
GMXUSDT,0.29107701372473593
GMXUSDT,0.30390116839619935
GMXUSDT,0.27681073666762457
GMXUSDT,0.2500541095733974
GMXUSDT,0.286632278612291
GMXUSDT,0.2347283449905267
GMXUSDT,0.19290627060482152
GMXUSDT,0.1557650297940495
GMXUSDT,0.16988844917821094
GMXUSDT,0.12993554600428872
GMXUSDT,0.15244836680630416
GMXUSDT,0.16680087191343537
GMXUSDT,0.2079260513141661
GMXUSDT,0.23582312395737026
GMXUSDT,0.2864855259093308
GMXUSDT,0.2763830229108151
GMXUSDT,0.3023594879771612
GMXUSDT,0.31422024755370703
GMXUSDT,0.28430418319884077
GMXUSDT,0.2743526653306897
GMXUSDT,0.3169335975674197
GMXUSDT,0.34022000077763326
GMXUSDT,0.24442196297042357
GMXUSDT,0.2691786483160278
GMXUSDT,0.272756184098194
GMXUSDT,0.3193480810401201
GMXUSDT,0.3291350612227648
GMXUSDT,0.3331962681905365
GMXUSDT,0.34357785078128283
GMXUSDT,0.31976712315134687
GMXUSDT,0.3239739367867538
GMXUSDT,0.34279057360267806
GMXUSDT,0.34837806140037425
GMXUSDT,0.352455469274921
GMXUSDT,0.3377952771747409
GMXUSDT,0.3402988147734627
GMXUSDT,0.3358069025801837
GMXUSDT,0.3413620368008055
GMXUSDT,0.3812331515154172
GMXUSDT,0.36063888757541895
GMXUSDT,0.33844284635338184
GMXUSDT,0.38880190492598476
GMXUSDT,0.43043853410391614
GMXUSDT,0.4536907376832701
GMXUSDT,0.461899948703485
GMXUSDT,0.41721711377631443
GMXUSDT,0.4005387286164111
GMXUSDT,0.4306093208458767
GMXUSDT,0.4256304363518965
GMXUSDT,0.3818281681416903
GMXUSDT,0.37595691554495175
GMXUSDT,0.39700853634913014
GMXUSDT,0.41068547368869723
GMXUSDT,0.45538172820887574
GMXUSDT,0.44203024256855644
GMXUSDT,0.44840840815890504
GMXUSDT,0.4408117093618947
GMXUSDT,0.4436830582849348
GMXUSDT,0.41314059602969977
GMXUSDT,0.4582197210838664
GMXUSDT,0.40333717908620176
GMXUSDT,0.40292221467755857
GMXUSDT,0.4183657113002851
GMXUSDT,0.42086835518594007
GMXUSDT,0.4177293089183683
GMXUSDT,0.35123559168057733
GMXUSDT,0.32490780378153244
GMXUSDT,0.28611717355646976
GMXUSDT,0.2824836974474012
GMXUSDT,0.31572900152617084
GMXUSDT,0.2927327975497436
GMXUSDT,0.32740200456846125
GMXUSDT,0.29581789753988585
GMXUSDT,0.29937104998583125
GMXUSDT,0.27894679530266414
GMXUSDT,0.31159989536421434
GMXUSDT,0.31118551687701457
GMXUSDT,0.3021907363071057
GMXUSDT,0.31601222640814103
GMXUSDT,0.33473468973648396
GMXUSDT,0.29445746977021686
GMXUSDT,0.3220666137663624
GMXUSDT,0.332322701762334
GMXUSDT,0.34632905045266443
GMXUSDT,0.26597282858406074
GMXUSDT,0.24635246187769302
GMXUSDT,0.2604700070811672
GMXUSDT,0.27760276682672924
GMXUSDT,0.31132410764675966
GMXUSDT,0.3496910955415031
GMXUSDT,0.3384093939518818
GMXUSDT,0.34084231002056015
GMXUSDT,0.32222142896305195
GMXUSDT,0.2999322412102289
GMXUSDT,0.2815007606312331
GMXUSDT,0.3005933742131891
GMXUSDT,0.2915456044400974
GMXUSDT,0.29768079428898625
GMXUSDT,0.28527765444518965
GMXUSDT,0.3188098180640342
GMXUSDT,0.3339753134328634
GMXUSDT,0.31899305968176567
GMXUSDT,0.3696115056681034
GMXUSDT,0.37730990481116916
GMXUSDT,0.36969952260990263
GMXUSDT,0.330532684689531
GMXUSDT,0.31541885968460553
GMXUSDT,0.3108572885746848
GMXUSDT,0.34212264597900377
GMXUSDT,0.31545312957333405
GMXUSDT,0.28820172312712633
GMXUSDT,0.3124394355440205
GMXUSDT,0.28454264375380584
GMXUSDT,0.28329053223836875
GMXUSDT,0.35711253031218154
GMXUSDT,0.38409313139361956
GMXUSDT,0.4452883155176942
GMXUSDT,0.44996089933533695
GMXUSDT,0.4791831171724393
GMXUSDT,0.5021116755925216
